user,item,label
1884,40441,1
10853,3268,1
23260,14522,1
26201,33254,1
26032,23654,1
10446,5706,1
1491,17876,1
2172,7158,1
14431,6605,1
27165,12497,1
18825,14822,1
5,8615,1
13915,22016,1
23551,11513,1
15280,26281,1
1060,23844,1
3429,15955,1
2373,30992,1
2180,5992,1
4803,12648,1
10342,35542,1
11701,10736,1
4767,6551,1
16385,39819,1
28334,28580,1
8324,2995,1
8202,36969,1
1444,22423,1
10946,39659,1
4944,1992,1
1627,500,1
5886,16266,1
25802,14459,1
4018,747,1
7406,28209,1
18771,10220,1
22882,1518,1
10994,5873,1
5830,207,1
9444,7560,1
1666,21936,1
20312,1971,1
2390,17341,1
15954,360,1
9108,8191,1
5828,4162,1
28476,14595,1
10917,10607,1
11589,862,1
755,22,1
3755,39149,1
5779,2753,1
20643,34726,1
6954,29301,1
16591,8625,1
17782,775,1
14951,8834,1
24669,260,1
19201,8504,1
7621,13167,1
17600,17839,1
767,4142,1
7897,11670,1
2478,32502,1
15201,15544,1
2116,1114,1
1257,649,1
27762,29632,1
1241,19318,1
25926,18164,1
13823,16343,1
21587,11623,1
1256,21149,1
22984,114,1
19571,33270,1
1705,8572,1
2359,260,1
17514,7836,1
1442,19465,1
763,9383,1
13423,3187,1
25262,20360,1
4977,818,1
23011,10132,1
7660,1986,1
15020,2378,1
11348,24114,1
27439,25911,1
1874,24735,1
5747,13044,1
4541,13105,1
4894,23994,1
2856,8105,1
3166,36160,1
8842,2852,1
18609,11797,1
1874,4472,1
21733,30092,1
27557,4134,1
3158,1326,1
4159,28143,1
2425,30758,1
9635,12495,1
9012,25298,1
18168,14022,1
362,16970,1
5757,26819,1
6110,34057,1
11915,6338,1
22011,1523,1
5446,39164,1
11243,506,1
7551,35538,1
3675,4495,1
5761,34523,1
3018,35719,1
676,7643,1
25891,37539,1
2533,3062,1
24309,761,1
28830,27139,1
5207,7867,1
1055,3442,1
9463,2923,1
2255,2055,1
1017,4338,1
5526,39566,1
2692,19055,1
5386,30686,1
1444,15200,1
12660,15230,1
15582,5378,1
2492,28110,1
3102,30445,1
17531,22580,1
7374,40039,1
3112,4406,1
29181,16497,1
12729,1298,1
6074,1920,1
23060,31356,1
3893,207,1
26973,766,1
19334,3704,1
12403,39403,1
237,7614,1
3329,2714,1
14245,5515,1
2486,25075,1
3643,5567,1
5034,12645,1
9911,21235,1
2624,17449,1
12589,7590,1
20014,12716,1
4959,8153,1
614,428,1
4875,114,1
7642,20895,1
12923,25769,1
9467,18962,1
2202,27638,1
1395,34141,1
12180,9061,1
755,19456,1
10046,13728,1
4735,878,1
13136,36781,1
6456,615,1
5481,11579,1
9916,5450,1
2805,21055,1
1430,22612,1
24919,6760,1
3851,17819,1
19031,15836,1
14239,6540,1
3988,6375,1
13302,36434,1
7370,1162,1
9665,15674,1
4235,40167,1
12933,4806,1
3590,4656,1
5910,7991,1
8292,24168,1
21591,5637,1
2869,18466,1
18656,24186,1
4195,2623,1
10713,10352,1
6100,15674,1
23710,29576,1
17984,5920,1
15650,23914,1
13005,26552,1
3676,14756,1
6868,36508,1
6329,6204,1
238,35913,1
15512,6213,1
5350,5028,1
2850,189,1
1885,32676,1
7830,25570,1
2878,3295,1
1409,22706,1
2974,30208,1
18647,32250,1
23336,11057,1
5073,9283,1
14634,2285,1
828,3584,1
4212,22578,1
25538,26820,1
5230,9205,1
7470,29679,1
14870,7107,1
8237,1431,1
3652,421,1
6527,24755,1
10259,18060,1
28023,7554,1
27125,10443,1
29672,22711,1
21270,3399,1
13399,3447,1
10193,19602,1
4928,28960,1
8288,9868,1
20045,226,1
26496,24682,1
870,2049,1
9663,4849,1
1150,3498,1
3039,29472,1
16842,2062,1
5696,9921,1
9637,997,1
3068,3713,1
21173,3967,1
1741,6806,1
13027,21045,1
7127,552,1
8514,29682,1
8017,6580,1
8867,2096,1
16237,15273,1
7605,1460,1
1689,37067,1
7525,26863,1
14826,5450,1
26851,7565,1
10131,10047,1
7868,22546,1
28433,12028,1
28234,40339,1
5469,1052,1
26766,5516,1
6145,20313,1
5999,783,1
4585,4210,1
4963,37394,1
4805,5061,1
4898,9118,1
276,33385,1
1896,381,1
5910,37262,1
6352,14634,1
15729,35901,1
21625,1098,1
27462,2714,1
6203,11802,1
24635,2767,1
3792,15444,1
28810,706,1
15421,12372,1
17886,23911,1
14228,20374,1
9099,18354,1
2650,16215,1
14399,13430,1
2195,8963,1
9345,20192,1
6192,26964,1
4777,29964,1
21085,7995,1
3664,7496,1
6028,28675,1
3276,30473,1
10450,29992,1
29026,8787,1
11337,10657,1
13396,10724,1
18784,12839,1
18836,6607,1
6256,19571,1
4709,38927,1
1413,29337,1
14106,6845,1
9152,4376,1
7151,5492,1
29520,9477,1
13196,22700,1
238,546,1
951,1800,1
11365,6322,1
11026,25857,1
7412,13567,1
25385,421,1
2764,27419,1
22959,29733,1
1514,2234,1
1551,17621,1
9127,2608,1
15402,12188,1
362,4868,1
1852,28032,1
945,23877,1
4553,5990,1
1256,11402,1
22573,19527,1
4186,25344,1
1729,16808,1
2782,177,1
12099,19389,1
23494,5807,1
16057,4439,1
7108,38770,1
13216,541,1
25678,16217,1
6397,12990,1
6993,184,1
4586,25544,1
1032,9207,1
24711,33488,1
23121,1667,1
596,3755,1
10516,23173,1
5834,430,1
18796,7258,1
1027,40363,1
7073,3076,1
899,6350,1
23124,376,1
5011,1,1
7721,31537,1
7479,450,1
6664,2798,1
23276,7369,1
71,26231,1
23161,13312,1
569,10870,1
9584,37850,1
15238,17387,1
1016,27167,1
680,10207,1
5461,22342,1
21944,22817,1
3912,39204,1
2689,2222,1
7484,8588,1
650,8511,1
8649,34083,1
27879,24482,1
6880,29698,1
741,1692,1
17812,816,1
11242,29210,1
8403,2395,1
8533,32438,1
8199,31744,1
29112,31773,1
7448,28960,1
7605,17739,1
20379,37018,1
4448,8664,1
7905,13793,1
13980,5707,1
1518,7302,1
21424,32411,1
7039,25500,1
9963,17223,1
29769,7365,1
2855,1243,1
27212,785,1
3461,36951,1
2817,210,1
7059,5802,1
3156,37191,1
22991,31368,1
21653,3997,1
5126,9927,1
3034,14623,1
20558,35207,1
4665,2294,1
21706,1032,1
10263,18625,1
17227,17519,1
5085,3859,1
9539,1582,1
9078,35283,1
650,924,1
22919,14084,1
1674,4662,1
5591,5919,1
27082,1267,1
13415,28649,1
12673,7398,1
3200,6533,1
9695,5096,1
1220,2183,1
15776,11824,1
18253,9869,1
4631,26597,1
2248,20009,1
18579,8392,1
16503,12393,1
464,5674,1
6247,6214,1
28710,22180,1
4133,16662,1
8875,23532,1
25352,24022,1
15232,1948,1
5367,36850,1
17566,27929,1
22618,24369,1
14510,30157,1
4225,18282,1
19977,40928,1
1988,38680,1
9930,2005,1
17290,5470,1
33,33900,1
21639,35410,1
9485,25041,1
1719,31511,1
5824,29295,1
5146,39347,1
18952,7928,1
6577,32413,1
3080,17762,1
9261,850,1
7715,29737,1
16499,344,1
9881,13392,1
176,40778,1
2105,16561,1
7398,13948,1
19106,14195,1
16354,16125,1
4992,17842,1
27264,24846,1
416,6935,1
26076,16260,1
5666,33316,1
22954,2617,1
26206,39,1
7515,31906,1
17390,69,1
1257,40804,1
3444,31434,1
12273,6985,1
16916,69,1
6202,40720,1
230,4070,1
23384,21824,1
1060,11292,1
24958,32905,1
8405,69,1
16738,5394,1
1478,31322,1
7606,6363,1
3163,967,1
25675,34082,1
9776,35711,1
1773,39264,1
17582,9064,1
11125,7616,1
1214,13137,1
3456,14649,1
4401,12063,1
1410,34796,1
3041,5873,1
24346,430,1
17247,38649,1
1587,33483,1
3343,10737,1
732,7955,1
21459,7642,1
20355,1316,1
2905,226,1
1655,430,1
6267,22010,1
5804,17379,1
5004,29956,1
2901,69,1
1828,20671,1
14749,34885,1
18657,34578,1
750,27359,1
10416,13217,1
1559,4289,1
4803,2931,1
5400,25019,1
14877,25526,1
2142,33474,1
9757,23003,1
18991,29100,1
16500,13089,1
12257,17172,1
14898,16556,1
2975,3424,1
8905,1414,1
1653,15457,1
15944,10300,1
20084,3585,1
17333,40820,1
15470,7280,1
2656,5217,1
4090,8449,1
5276,79,1
8577,5217,1
16197,11495,1
5451,19169,1
1885,1667,1
3218,34282,1
26451,108,1
276,2478,1
21262,9702,1
9095,21057,1
2881,2131,1
16511,40602,1
2844,13504,1
17662,2411,1
4593,30039,1
23269,24019,1
9947,4179,1
11349,30603,1
14345,33727,1
14822,5217,1
1826,15394,1
5795,13900,1
12443,1321,1
2896,28002,1
9206,24234,1
6403,240,1
18129,8759,1
19614,4041,1
29061,19738,1
18282,11122,1
26006,9444,1
6848,33488,1
4972,9208,1
4474,7444,1
740,13105,1
270,40610,1
12461,31837,1
18455,32172,1
581,38411,1
9787,19548,1
23124,21731,1
8394,2192,1
9106,23347,1
16243,20399,1
20756,15743,1
9430,8787,1
10928,22219,1
7737,3456,1
6537,20962,1
14849,8794,1
19120,13754,1
24983,6050,1
519,22900,1
84,19701,1
17571,15678,1
2542,2055,1
26690,4686,1
942,1512,1
3149,13711,1
11877,189,1
27292,226,1
17997,7867,1
8439,4103,1
2978,7012,1
5333,23485,1
16326,10353,1
29031,10216,1
25138,10216,1
9296,6969,1
21731,1144,1
28145,6318,1
1589,7258,1
4698,2689,1
24670,800,1
3421,15955,1
11404,30118,1
7166,5291,1
15882,546,1
5355,16847,1
4609,9689,1
13510,24021,1
4549,6544,1
11810,36224,1
2323,430,1
8214,22565,1
10871,12517,1
16793,111,1
535,30298,1
2901,37350,1
10372,25203,1
22039,12949,1
9695,21170,1
13597,3695,1
20871,11047,1
3765,8239,1
5656,37307,1
19837,7502,1
14413,12856,1
1771,6831,1
18394,10118,1
1373,12512,1
12095,34906,1
18409,39837,1
28580,9244,1
16503,17172,1
2476,6334,1
13270,39355,1
5599,3553,1
7889,11611,1
27823,48,1
1273,19717,1
6037,14720,1
4687,2737,1
14317,9066,1
3147,14927,1
27869,23386,1
10848,10403,1
14100,15846,1
13283,1060,1
23829,30259,1
28519,15157,1
6023,13541,1
2105,18470,1
10476,25678,1
3626,16469,1
4418,402,1
1234,5807,1
17942,1158,1
14671,17226,1
7732,30995,1
11808,10323,1
7481,2714,1
4128,4712,1
1752,35489,1
9357,13086,1
906,12361,1
9204,19689,1
24892,15800,1
28968,26062,1
2380,18569,1
25841,11978,1
2189,33038,1
5874,14303,1
26103,13593,1
11096,439,1
5981,11624,1
22639,10747,1
29824,4013,1
27496,24595,1
5030,3101,1
3483,1078,1
2708,24017,1
25373,16305,1
22372,3786,1
10466,16489,1
10663,29340,1
4867,1271,1
18720,10449,1
2076,4401,1
27059,19666,1
3793,5033,1
3292,65,1
14051,6565,1
847,6883,1
14397,16615,1
8045,2695,1
71,5455,1
826,10370,1
1234,613,1
506,27651,1
29215,30177,1
2755,2460,1
15328,2741,1
17457,6971,1
7755,10094,1
2517,1534,1
28011,38950,1
11678,27677,1
26059,649,1
8937,16153,1
9750,24035,1
13888,9597,1
25822,5193,1
18462,5067,1
767,10885,1
2190,21695,1
5524,108,1
899,551,1
7336,1135,1
13621,23890,1
12799,2311,1
11988,3192,1
20543,7047,1
3052,3818,1
9669,39861,1
10123,16812,1
22156,20835,1
12708,34257,1
3727,16520,1
7997,5050,1
1175,1299,1
2909,15530,1
17771,16070,1
2716,24124,1
6935,2342,1
18270,1319,1
9081,9237,1
18616,4813,1
2486,357,1
22799,18994,1
19996,1631,1
326,2532,1
1801,1526,1
7583,1506,1
14749,39426,1
3952,30339,1
26884,25857,1
13678,24557,1
5983,3466,1
21507,2419,1
12361,1898,1
18465,10718,1
555,9886,1
882,20419,1
1225,11580,1
20450,556,1
17932,14005,1
24522,20620,1
8402,2370,1
3244,677,1
12072,5617,1
656,1148,1
13288,5887,1
4395,1105,1
3224,21198,1
1504,2059,1
772,5061,1
1227,5515,1
17068,34797,1
25385,904,1
741,20280,1
46,7860,1
8799,15154,1
4846,14630,1
10544,2071,1
1705,1960,1
776,5885,1
1393,21403,1
23164,7363,1
17571,3419,1
8525,11489,1
2812,9721,1
28161,8022,1
5605,34952,1
8739,546,1
11809,6859,1
5237,6905,1
11006,6322,1
17711,1920,1
11806,33310,1
3310,11580,1
13820,11202,1
5163,11138,1
17166,17815,1
14272,9398,1
758,6840,1
146,325,1
24614,23403,1
16523,21402,1
5398,12363,1
6963,37014,1
17362,19659,1
17581,12245,1
8096,29953,1
1681,16945,1
26899,3424,1
4381,10968,1
27636,25710,1
2345,23138,1
1139,8386,1
2466,24113,1
10049,3046,1
18356,10221,1
20001,23674,1
2843,4169,1
12360,37253,1
6716,30426,1
12325,6773,1
27363,202,1
12844,6901,1
6054,5900,1
2750,6012,1
25690,31037,1
935,1669,1
16677,1883,1
2315,3865,1
23888,40015,1
15904,10524,1
4642,5261,1
14254,3901,1
9908,21883,1
7803,370,1
16354,32481,1
6484,8239,1
8941,13928,1
2175,207,1
1205,30814,1
6835,3428,1
4338,7188,1
6144,17937,1
720,21872,1
4950,21302,1
13176,4659,1
2423,12405,1
2460,30232,1
15710,25366,1
25299,5017,1
1395,40005,1
583,3690,1
17733,21750,1
3329,10703,1
5878,1522,1
4040,2234,1
838,14883,1
24614,25277,1
1328,34694,1
2118,7438,1
972,13134,1
1075,159,1
667,21840,1
15529,5408,1
1587,747,1
20521,18497,1
3608,1837,1
24188,1718,1
14771,12838,1
1432,210,1
23426,1602,1
1569,8945,1
1333,630,1
4149,14525,1
23830,238,1
7473,7857,1
27033,2498,1
24657,735,1
579,37905,1
12746,10637,1
8523,8189,1
26042,1814,1
25151,32439,1
6562,14521,1
5241,19195,1
478,28130,1
4476,1889,1
8948,16463,1
1678,10208,1
15778,208,1
23022,14020,1
2825,1383,1
26172,6253,1
7857,2211,1
4608,16758,1
5541,4401,1
25396,810,1
12105,37190,1
5628,6564,1
423,13301,1
18319,30995,1
2991,4262,1
3348,35794,1
1267,7302,1
8012,14243,1
1051,14982,1
17283,2880,1
13276,14801,1
4542,2571,1
9227,13335,1
17677,15165,1
2744,37007,1
505,32221,1
26234,16060,1
12409,19523,1
3224,1096,1
6997,17600,1
2570,3254,1
27717,9518,1
7321,17712,1
7835,20021,1
5404,24300,1
21611,8944,1
3456,11822,1
9180,61,1
19830,3656,1
14001,38752,1
21168,5124,1
21660,7464,1
12773,24920,1
14736,4494,1
55,3299,1
325,13173,1
18040,13150,1
2366,2671,1
676,30931,1
945,6971,1
6155,11794,1
12489,171,1
12266,25448,1
3654,3583,1
12933,12518,1
15185,36272,1
4499,35004,1
19631,16903,1
13024,4579,1
29436,38401,1
21222,11877,1
20355,9514,1
27534,4876,1
19212,21994,1
2630,3268,1
459,34358,1
675,16490,1
9252,12516,1
1368,8204,1
16672,14364,1
5609,1111,1
1033,10237,1
17910,18643,1
3923,439,1
8771,5252,1
16893,5424,1
10222,4026,1
124,16408,1
168,10421,1
19282,1534,1
12409,23799,1
15828,3173,1
25020,6625,1
2383,19307,1
9209,37208,1
1092,3905,1
1051,16690,1
2294,9694,1
12758,10752,1
17394,16187,1
9526,4757,1
9642,25041,1
626,18664,1
2114,37326,1
3481,1221,1
2501,2389,1
28137,10415,1
29085,8020,1
543,2454,1
709,20328,1
15062,3631,1
16471,3374,1
3044,5990,1
23358,450,1
1680,23810,1
4999,9251,1
470,7300,1
8328,10208,1
6372,107,1
12855,29575,1
1315,35647,1
23070,21678,1
18718,3985,1
3028,25241,1
28222,35924,1
15108,26057,1
286,2224,1
503,17340,1
76,5430,1
16677,36949,1
10456,14351,1
3908,3035,1
16487,1861,1
19676,1059,1
1971,38714,1
19476,3630,1
24799,17812,1
26202,5426,1
12772,4515,1
19870,19795,1
2382,2360,1
1436,38115,1
14347,3130,1
7391,2353,1
8096,4704,1
26837,18232,1
9590,14504,1
4139,2333,1
18388,5694,1
1242,13254,1
10570,10437,1
15727,2689,1
1480,15368,1
16171,18287,1
34,1277,1
724,5727,1
17591,21937,1
5618,26298,1
2294,36358,1
13890,10234,1
3688,7085,1
2779,40963,1
10884,6546,1
2998,29800,1
6691,40323,1
11157,20114,1
8912,23799,1
10819,16478,1
9049,31594,1
7636,28806,1
8054,14512,1
21115,2341,1
971,3211,1
7066,18180,1
11046,4062,1
25065,2143,1
5306,1864,1
750,7274,1
27132,27129,1
2062,9488,1
1323,108,1
12283,16013,1
9186,14216,1
20987,1070,1
1390,7237,1
28109,860,1
16974,39720,1
13353,7894,1
21039,5562,1
11129,28578,1
4789,17434,1
12492,7047,1
2189,30604,1
10447,450,1
18572,12703,1
629,7609,1
4150,22162,1
28959,13948,1
13011,23361,1
9308,26038,1
23395,33141,1
1843,34677,1
230,26307,1
24746,10668,1
1532,439,1
10980,517,1
4333,5099,1
1214,9703,1
276,75,1
2857,2089,1
1691,195,1
25707,18901,1
2889,27127,1
23496,4833,1
176,3678,1
23487,39773,1
16629,3046,1
76,13260,1
335,1321,1
2216,1768,1
20513,13048,1
607,33764,1
20566,14992,1
4427,8172,1
25468,6084,1
3600,31474,1
4374,29187,1
8897,2294,1
5943,22331,1
3461,7138,1
12817,6089,1
16860,9298,1
607,32526,1
4647,34052,1
1060,2693,1
189,6565,1
5314,16500,1
1322,32494,1
13369,2754,1
8311,12106,1
16315,7090,1
3715,238,1
12495,36421,1
23306,2949,1
10510,27242,1
9966,326,1
8593,24979,1
1523,7236,1
15962,3043,1
21241,19507,1
7352,533,1
5719,5985,1
15358,11226,1
19140,26491,1
21477,21262,1
4550,5600,1
1970,36286,1
3717,1316,1
21605,107,1
2175,33042,1
4149,4550,1
6785,6413,1
20467,40321,1
2796,28554,1
4449,2233,1
7291,12381,1
1104,28194,1
23384,9151,1
17112,430,1
17223,8386,1
21172,37934,1
17618,20367,1
4524,2493,1
7859,5448,1
6837,22058,1
3789,26703,1
1114,5919,1
2600,17966,1
121,15978,1
2125,12810,1
16587,5784,1
14670,8438,1
20321,3925,1
17143,23347,1
10911,12748,1
1811,27301,1
5725,15167,1
5268,15480,1
2499,6045,1
8932,16844,1
28818,179,1
6223,22994,1
24413,367,1
2368,582,1
18649,7153,1
707,965,1
10056,29569,1
5479,28517,1
25455,24088,1
9453,29853,1
5150,11190,1
17843,1049,1
1825,226,1
6291,23753,1
12741,2353,1
3000,24863,1
12017,40527,1
1519,9784,1
15836,1700,1
28433,32722,1
13663,3224,1
4653,13913,1
7905,35424,1
21099,25662,1
1463,33473,1
3209,39746,1
11075,18976,1
8044,1612,1
32,23601,1
24262,10835,1
2142,8823,1
668,8871,1
890,27362,1
13024,3115,1
20178,32258,1
5152,16462,1
1757,10885,1
15734,34285,1
2828,13094,1
2474,23354,1
4050,11858,1
1510,2295,1
24958,5691,1
4893,63,1
890,33422,1
3504,16614,1
3645,22558,1
24723,3029,1
21802,517,1
5910,31598,1
5966,18475,1
5790,13499,1
12579,2199,1
1436,314,1
10169,2395,1
4777,10347,1
4576,18573,1
18730,9542,1
2714,23498,1
21197,7213,1
3968,15918,1
12948,36128,1
3888,526,1
4306,4660,1
20686,19452,1
10980,10756,1
14456,20046,1
1832,1997,1
733,19789,1
11215,11135,1
19354,15071,1
20084,30962,1
16954,21257,1
769,15780,1
24378,11321,1
12920,12550,1
3262,30989,1
2689,3674,1
2773,10453,1
18836,4019,1
2019,16701,1
5675,15514,1
3995,16994,1
15128,159,1
15932,37754,1
2912,37497,1
415,1568,1
26326,31139,1
10045,7748,1
16568,25607,1
1908,7928,1
12896,14870,1
10962,18077,1
6362,5789,1
12027,13511,1
20082,3410,1
27718,14807,1
16299,9442,1
9280,254,1
12860,11781,1
4638,1115,1
12169,8598,1
18567,649,1
13648,10175,1
24117,13282,1
7999,40468,1
22050,31673,1
15438,2911,1
15008,22849,1
6273,4564,1
1212,3631,1
25440,39412,1
607,11972,1
11097,7941,1
16582,1265,1
2217,30661,1
8660,716,1
7288,8312,1
1809,23556,1
500,14124,1
16106,16926,1
3188,5004,1
9444,400,1
589,37025,1
7463,1375,1
6182,34884,1
4716,30116,1
2125,2909,1
17860,26830,1
5245,25667,1
5783,20436,1
22192,14342,1
3018,16043,1
309,7822,1
4752,13216,1
15498,11882,1
28759,2399,1
1161,706,1
6162,6745,1
707,3796,1
25761,471,1
15344,955,1
1233,2083,1
24073,31743,1
338,20140,1
28066,30344,1
23065,17309,1
15764,30764,1
16549,27652,1
2984,5546,1
1043,18360,1
7137,17936,1
24844,19931,1
18632,14647,1
18318,14574,1
29647,31330,1
24965,34501,1
9807,36052,1
22450,28755,1
16925,383,1
2763,15165,1
1775,22287,1
11586,37502,1
13795,26309,1
18963,9372,1
9612,38315,1
2630,1836,1
28205,7113,1
3980,395,1
6762,5291,1
10705,8696,1
23035,10110,1
3594,31944,1
11122,9208,1
29614,32053,1
6972,5817,1
27647,19158,1
3028,30654,1
25142,24405,1
3165,33994,1
7016,7752,1
20885,34293,1
3035,26734,1
7005,33550,1
378,40052,1
3379,10933,1
14208,785,1
23652,26102,1
24580,16586,1
335,10742,1
9036,23823,1
16416,4715,1
28476,20095,1
14564,19767,1
20684,13105,1
543,4210,1
12433,24136,1
5644,279,1
14298,28740,1
6591,15045,1
7090,10621,1
12015,2141,1
9210,37351,1
5328,17372,1
5666,35196,1
1282,2288,1
27447,22728,1
2563,26994,1
20660,36880,1
5659,2397,1
3659,40287,1
17648,10688,1
4381,8329,1
7851,36161,1
12151,40370,1
8894,38603,1
3362,22,1
13713,12910,1
7035,26549,1
1176,1991,1
22271,649,1
16333,25359,1
18424,8085,1
274,13278,1
21756,1058,1
1149,12334,1
18260,13041,1
4918,4438,1
26184,1285,1
29554,740,1
23977,706,1
3247,5143,1
7795,19282,1
2434,4346,1
17216,1295,1
340,6784,1
19096,19748,1
646,979,1
17152,13646,1
13989,9333,1
12205,240,1
20066,30069,1
3577,5251,1
28978,2010,1
270,29694,1
4743,12598,1
2728,15393,1
4161,21700,1
6283,1935,1
4622,507,1
10570,5664,1
1790,529,1
3131,614,1
8902,28307,1
466,25128,1
5780,36517,1
6524,1135,1
2538,23408,1
2333,1997,1
10237,14378,1
4082,1883,1
12556,24066,1
1244,8359,1
5515,9750,1
3604,39869,1
7211,20948,1
4354,24414,1
21608,10977,1
6201,31121,1
808,1318,1
29746,13341,1
7904,28610,1
21669,2914,1
6434,6656,1
5228,4508,1
12614,18900,1
10298,2217,1
10548,11236,1
19631,14567,1
124,2695,1
786,34555,1
67,12014,1
8199,36770,1
6280,932,1
6654,16096,1
9406,7218,1
18204,15236,1
24966,26457,1
9645,39688,1
11585,33244,1
4955,7630,1
4818,25147,1
3170,19615,1
11751,6151,1
11977,1907,1
3108,4107,1
12405,12316,1
21659,7145,1
12427,28894,1
16505,14466,1
10617,5201,1
9694,12370,1
270,20641,1
5410,4381,1
12276,13595,1
13413,13083,1
7084,389,1
4911,39507,1
5765,10036,1
3722,31511,1
20928,5596,1
25766,15269,1
4844,13590,1
23816,5602,1
5859,13117,1
758,35618,1
1444,9665,1
3426,15390,1
1963,15888,1
7039,965,1
5579,1377,1
19317,3856,1
3343,25136,1
1458,2749,1
8509,2341,1
24520,23657,1
21456,273,1
1864,17639,1
2572,27882,1
3035,1045,1
12525,354,1
340,39449,1
3248,21680,1
442,633,1
2717,12242,1
11055,15168,1
840,16151,1
15328,29980,1
11370,2550,1
8739,9221,1
14176,15681,1
6309,1894,1
19888,4640,1
27381,28466,1
9666,25238,1
9147,40931,1
17485,4900,1
711,1149,1
699,29525,1
1538,2089,1
6835,12839,1
19584,16010,1
1182,4271,1
22620,14595,1
19662,11910,1
19940,7894,1
3969,5647,1
22170,25966,1
8495,14338,1
7489,24515,1
4609,7715,1
5247,205,1
24408,8759,1
13985,10538,1
9622,29264,1
1522,31302,1
1297,13635,1
19121,7290,1
518,13590,1
17012,28548,1
10457,13796,1
1204,4852,1
20706,9592,1
23986,12507,1
6163,9207,1
2832,35021,1
20812,2055,1
5375,29841,1
16729,6079,1
9301,40822,1
950,21029,1
9117,39863,1
28978,30089,1
2763,27812,1
1667,20047,1
1894,4354,1
27629,37797,1
2615,35529,1
3373,9306,1
1900,34905,1
232,16866,1
5833,25076,1
2508,38510,1
5749,597,1
23306,19366,1
11570,17318,1
11935,16194,1
18273,31004,1
18595,207,1
14338,26557,1
668,20174,1
2690,3254,1
134,5504,1
5907,25557,1
17766,21070,1
2591,14166,1
2890,2340,1
19186,2752,1
2603,4910,1
5545,17800,1
8669,4792,1
13590,649,1
13006,33552,1
13338,12167,1
7827,7356,1
349,11816,1
29481,11840,1
21492,10686,1
3917,29984,1
15614,688,1
18490,12122,1
25824,1967,1
24747,21018,1
3443,25508,1
11678,4579,1
17486,5125,1
7835,657,1
8384,1526,1
26224,26932,1
9470,7356,1
15718,2411,1
2281,23727,1
11953,35130,1
3112,2267,1
6994,38153,1
13482,1984,1
1336,27670,1
13905,9924,1
1627,9212,1
9343,2519,1
22796,23277,1
2128,13003,1
8228,11857,1
39,1590,1
6785,17394,1
971,2222,1
14784,177,1
12849,15512,1
11090,36337,1
5926,5984,1
16987,4138,1
4611,16987,1
4794,32062,1
3645,20355,1
16808,31235,1
20722,4773,1
18478,24542,1
4410,3550,1
6356,30247,1
3919,19204,1
10414,5696,1
6201,40049,1
22305,1677,1
21615,5616,1
20491,10726,1
22821,8289,1
12022,19874,1
22848,3553,1
25424,2888,1
3235,21833,1
14487,11218,1
7025,40311,1
10954,34209,1
1106,27159,1
6307,27001,1
10575,8815,1
7738,15521,1
2363,36897,1
5700,22577,1
8253,12323,1
3914,40719,1
10639,18781,1
25928,18383,1
12817,2587,1
14826,13058,1
25367,10444,1
176,30789,1
1217,3615,1
17728,40364,1
13806,36240,1
2909,210,1
1972,383,1
7316,23745,1
15840,22962,1
9225,1400,1
29497,8105,1
18867,108,1
13689,37463,1
14123,1306,1
27306,15680,1
5391,2223,1
7609,10977,1
15378,4345,1
24,98,1
1884,20530,1
7570,20390,1
22604,7426,1
6182,33725,1
4008,9858,1
22012,1942,1
1756,3951,1
4474,2309,1
1224,31769,1
8354,3020,1
25431,22537,1
13585,21019,1
5926,8639,1
13114,26694,1
6053,5974,1
11479,37430,1
5991,36201,1
17098,13990,1
1808,37415,1
10669,13498,1
3426,1521,1
3087,30678,1
10694,3088,1
14008,10202,1
21816,12464,1
12028,1097,1
12604,11460,1
8214,1408,1
17479,34330,1
3836,32319,1
28044,2089,1
17885,12967,1
167,38165,1
16441,1964,1
20274,12151,1
6475,18579,1
8256,16502,1
12229,29082,1
980,35349,1
11445,1942,1
1379,10285,1
12380,4551,1
3377,450,1
2549,35889,1
16808,16399,1
27967,6589,1
4349,2568,1
1755,8913,1
124,29838,1
3860,999,1
600,33229,1
8861,37989,1
18561,12442,1
3125,9836,1
12748,3046,1
6084,633,1
6623,15319,1
7944,14431,1
2892,38070,1
3116,22622,1
14123,4605,1
7609,13962,1
9382,25829,1
1930,12875,1
27429,3199,1
132,7689,1
19410,34016,1
6718,6890,1
1699,33713,1
5489,21344,1
899,14182,1
26201,503,1
20686,32690,1
26262,26869,1
578,12353,1
538,709,1
14229,36629,1
4789,2954,1
19146,19292,1
4334,7123,1
16894,11841,1
8302,31545,1
13589,33463,1
21809,24233,1
1027,15948,1
3480,2455,1
4921,7212,1
5728,9994,1
18691,18171,1
27787,40348,1
17576,38232,1
7889,2363,1
8762,6896,1
2782,70,1
982,15020,1
6924,4181,1
7933,37303,1
17322,33966,1
16897,2295,1
15028,27129,1
118,8139,1
28695,508,1
9881,16269,1
6052,208,1
1756,7998,1
14146,127,1
2231,7715,1
312,5340,1
9991,260,1
23616,32474,1
14166,17363,1
5269,492,1
28378,32066,1
16466,25737,1
12914,6210,1
17414,40436,1
22616,16131,1
2563,450,1
558,7737,1
26057,8886,1
24966,19671,1
217,30132,1
6151,260,1
607,1562,1
12411,576,1
3633,25915,1
12387,3350,1
15509,39187,1
2377,5820,1
1990,20685,1
19346,1807,1
13172,17200,1
2513,11872,1
9424,24135,1
3294,16518,1
1414,10625,1
20843,202,1
2061,1757,1
19977,5631,1
23566,36117,1
231,6811,1
18488,258,1
10742,34505,1
23637,93,1
28707,989,1
9419,1487,1
10793,18956,1
1813,39401,1
16188,23117,1
2549,33444,1
3928,736,1
2197,32332,1
27906,32299,1
22995,12128,1
22753,4449,1
26933,1997,1
11832,1352,1
16712,26922,1
26712,575,1
13056,3017,1
3125,84,1
22966,15854,1
26173,14681,1
23520,22193,1
1541,25414,1
2585,25913,1
9855,260,1
7930,5726,1
3056,13887,1
7738,22634,1
6136,4558,1
8888,508,1
15073,18793,1
7635,5888,1
29273,6750,1
1175,10874,1
763,3405,1
29478,8837,1
9876,20661,1
5939,14487,1
4428,450,1
9515,33448,1
160,6196,1
8692,830,1
6936,314,1
19160,25638,1
14187,36237,1
2765,12382,1
4297,20900,1
409,500,1
11739,18768,1
14202,36918,1
9187,13355,1
1948,10863,1
104,33671,1
26951,3433,1
25947,18250,1
25194,6755,1
1894,28010,1
10362,5694,1
1551,14041,1
6263,377,1
3508,5936,1
20009,1057,1
28204,13207,1
23910,238,1
614,191,1
775,13215,1
5004,23637,1
7440,2498,1
9229,22598,1
5720,13317,1
15665,21668,1
15233,28598,1
3904,31379,1
17969,47,1
7830,24708,1
11453,35420,1
3224,39771,1
3297,13405,1
755,15827,1
1980,8740,1
12227,13892,1
2624,10220,1
6301,2153,1
21006,5455,1
10793,1938,1
3865,29774,1
8538,22393,1
3788,13936,1
1937,9371,1
6641,35019,1
5075,11092,1
13147,10220,1
26329,19921,1
7179,31199,1
3049,2004,1
711,69,1
522,9801,1
8041,2586,1
18409,10611,1
5482,4867,1
10947,395,1
25352,16706,1
29605,800,1
8620,18941,1
9710,21988,1
9591,20523,1
11980,26334,1
3958,15421,1
1124,29769,1
3819,10218,1
8877,17496,1
3955,23597,1
25077,34751,1
13364,19133,1
8956,16387,1
11714,3186,1
4514,32898,1
27074,63,1
6375,1553,1
3156,32931,1
9984,191,1
583,11338,1
16484,5887,1
4464,39167,1
6726,35507,1
27405,12896,1
19381,1230,1
10979,9378,1
28800,12184,1
27809,25095,1
10361,32142,1
21827,29496,1
8358,39,1
29250,33227,1
9152,4050,1
4741,1272,1
4567,1206,1
12430,30092,1
8294,12923,1
22928,19590,1
16237,40008,1
837,33853,1
17139,4939,1
5030,18938,1
18065,1148,1
19478,23572,1
7384,31148,1
11635,20294,1
1504,9516,1
672,360,1
10056,38407,1
13116,31759,1
16515,450,1
12552,7705,1
9913,7378,1
7200,1716,1
13419,16669,1
20516,2378,1
1636,25631,1
8521,1377,1
5725,4670,1
2631,2401,1
26232,4077,1
26987,1446,1
8735,22660,1
2293,39885,1
9065,5805,1
21289,16274,1
24268,2791,1
17571,14049,1
18123,5892,1
11054,2883,1
3270,3530,1
24525,3585,1
5382,14883,1
3439,2554,1
4256,34347,1
6322,40071,1
6965,14632,1
27063,192,1
20490,34743,1
5693,11186,1
998,19444,1
8321,9457,1
7632,13486,1
11498,6860,1
15995,10827,1
25101,5743,1
1763,15008,1
17228,5495,1
7030,27105,1
4082,13942,1
2434,2210,1
4600,2822,1
17109,33965,1
9969,19236,1
11645,6982,1
21940,35096,1
12344,18156,1
2258,38653,1
4326,38976,1
16995,18400,1
1993,19118,1
15551,16120,1
4946,8088,1
217,9132,1
25367,4230,1
9367,13622,1
6676,16102,1
10466,7282,1
27749,16212,1
22610,9453,1
6317,6214,1
28059,3476,1
4946,20694,1
6242,31262,1
7380,3679,1
5606,10296,1
3784,28450,1
9947,13653,1
65,12043,1
15403,521,1
1888,3725,1
9389,32756,1
25010,32230,1
4260,35876,1
19727,1621,1
9638,5196,1
8038,16983,1
16350,8580,1
1444,36590,1
24197,11437,1
22139,383,1
3235,13430,1
9266,326,1
29728,74,1
3774,2478,1
1146,13433,1
5070,32738,1
6247,40857,1
1042,15778,1
21140,4692,1
10853,3309,1
1963,4150,1
4324,501,1
16535,16571,1
4567,2341,1
11716,3035,1
10749,7587,1
1060,17071,1
918,965,1
1688,19504,1
5120,4116,1
6226,1295,1
13460,37503,1
5246,500,1
22043,15412,1
11175,3584,1
3458,1423,1
2030,6091,1
2687,4090,1
12715,2183,1
11748,12223,1
6905,11039,1
19922,15746,1
25352,12080,1
7768,2116,1
11849,12869,1
7252,16090,1
17866,6013,1
21082,32290,1
12776,8972,1
1106,40777,1
20288,5576,1
14122,6375,1
14208,22960,1
11980,11023,1
2934,19709,1
732,3335,1
5200,5482,1
7026,17107,1
612,2498,1
8467,17164,1
3492,5549,1
19848,5866,1
10924,19351,1
25786,245,1
1230,6712,1
9229,28339,1
19905,19286,1
13871,19469,1
15448,11338,1
1224,16058,1
3757,5574,1
6392,34972,1
9695,2523,1
10820,33945,1
8236,24818,1
2689,15664,1
9505,11256,1
772,1834,1
21490,6744,1
4262,2308,1
27390,17517,1
7312,18824,1
3413,18405,1
27805,29420,1
17004,15783,1
4957,12328,1
309,946,1
16984,203,1
9733,2108,1
7738,7731,1
20992,29077,1
22949,33594,1
8209,12604,1
8438,35838,1
27701,25459,1
6166,11433,1
6037,1477,1
3688,31516,1
860,7735,1
4419,18880,1
2358,6671,1
724,22955,1
25327,29500,1
3594,17132,1
2189,6477,1
3262,108,1
2681,22704,1
13404,28672,1
22934,31595,1
6322,12884,1
29257,8386,1
22818,38195,1
2878,36398,1
20462,12140,1
19585,3080,1
15334,20132,1
13581,12685,1
7119,6324,1
12769,5339,1
4421,2492,1
31,16652,1
4245,37438,1
3280,633,1
4407,3931,1
1059,4199,1
9860,40941,1
8675,4564,1
16814,29524,1
496,258,1
2009,1920,1
966,31729,1
7789,30874,1
2905,35504,1
4620,25424,1
13719,36256,1
25102,4773,1
16111,20456,1
1645,32615,1
24096,31130,1
4820,8468,1
8927,38700,1
7510,6271,1
1444,23938,1
6058,6829,1
16006,34659,1
7464,18913,1
8593,36388,1
3587,3863,1
10621,7359,1
8121,4489,1
207,16127,1
22938,38021,1
23328,21744,1
8680,2882,1
18088,34157,1
26257,21110,1
8794,785,1
470,748,1
1930,1622,1
2563,655,1
17363,17549,1
19524,22455,1
11809,602,1
22919,5756,1
8578,40226,1
17987,15164,1
23840,8168,1
27601,6071,1
20843,12619,1
383,7638,1
5386,28906,1
1270,3464,1
13304,6469,1
17446,35392,1
6552,37715,1
6283,4546,1
4979,10418,1
302,28899,1
18818,20209,1
17409,2352,1
20569,15622,1
12790,9925,1
1490,16454,1
6789,4707,1
1755,1834,1
3570,32642,1
676,18835,1
2195,26013,1
12690,18611,1
15918,10556,1
750,6194,1
5007,14658,1
23035,4578,1
12675,8843,1
4015,620,1
13167,30316,1
897,6380,1
7496,6834,1
17625,10902,1
1336,12708,1
1247,32721,1
4611,39094,1
4704,4340,1
4932,4217,1
9110,31216,1
1749,1983,1
3065,38076,1
24789,15215,1
9703,26832,1
21217,4772,1
25807,2055,1
26805,226,1
19976,32252,1
14909,2264,1
12498,2478,1
4278,360,1
27562,6773,1
380,20367,1
2561,7041,1
2124,9063,1
21627,33430,1
1855,3796,1
24703,13762,1
47,4717,1
510,3301,1
21652,5845,1
19039,13481,1
1426,2261,1
9070,17712,1
13131,5455,1
8202,40221,1
1650,11231,1
2278,8694,1
28190,26444,1
24262,1339,1
6085,8978,1
823,32235,1
25904,33535,1
1221,38071,1
2317,3441,1
1266,52,1
4052,32631,1
19937,22917,1
9,33513,1
11370,16437,1
8945,20671,1
6264,20297,1
419,10469,1
20169,27715,1
19876,6080,1
14748,39390,1
2148,633,1
4364,1144,1
12719,20421,1
20865,11876,1
12226,6597,1
16212,22560,1
6744,1748,1
25485,24420,1
2701,9468,1
18602,4371,1
2739,37393,1
2828,17744,1
10150,3455,1
13009,14751,1
14426,14137,1
7286,7162,1
10334,3344,1
9,35149,1
3719,26764,1
511,2886,1
8066,6272,1
14830,25405,1
14589,30889,1
7866,5720,1
2216,1253,1
2828,34535,1
3307,29504,1
10388,17375,1
28864,3150,1
7065,6402,1
11286,3550,1
1756,32800,1
20409,17588,1
3773,6025,1
19392,28559,1
25112,258,1
26365,1812,1
2391,10957,1
17301,32568,1
8726,8833,1
459,3171,1
5674,22010,1
12106,24508,1
1935,5494,1
17201,27898,1
2189,38911,1
4401,357,1
13593,31064,1
28134,1235,1
4152,1175,1
19607,152,1
2878,13433,1
16682,19283,1
1620,34747,1
207,3703,1
19387,14318,1
19631,40487,1
5429,24627,1
6284,2746,1
11437,38734,1
5097,5876,1
14191,8626,1
1835,7894,1
4537,26044,1
25664,1178,1
9132,3686,1
1827,5098,1
2705,20500,1
22287,10199,1
15521,16711,1
11646,9043,1
21294,8839,1
978,36388,1
1446,8561,1
3588,33821,1
4068,141,1
6927,1723,1
2499,1273,1
3002,28531,1
7410,11673,1
2195,6967,1
17144,2211,1
6730,537,1
29025,20188,1
27533,8627,1
13019,18425,1
3427,28298,1
27881,30912,1
23073,28248,1
6156,1521,1
5885,3782,1
1127,24338,1
15958,35447,1
5481,908,1
998,12589,1
2578,28149,1
316,30426,1
28857,11547,1
14934,11160,1
3946,30304,1
25039,17738,1
17764,22191,1
4295,6901,1
16269,32947,1
10746,32703,1
2400,9326,1
9458,9988,1
3676,6298,1
3106,19077,1
14408,26102,1
11876,2283,1
7652,5004,1
9841,17140,1
3888,22935,1
10335,19112,1
19075,3012,1
9252,36205,1
6249,1115,1
15994,35074,1
1478,30507,1
2602,1320,1
11733,39739,1
20726,28165,1
7682,19757,1
24149,1925,1
10249,9251,1
6247,91,1
27089,1402,1
24514,8446,1
22956,25703,1
18442,7446,1
1138,1574,1
2142,13873,1
22956,33757,1
12296,19294,1
12444,4545,1
14137,2776,1
15511,21094,1
13261,4831,1
14042,581,1
28491,14939,1
980,5313,1
19752,7722,1
25140,7018,1
1975,17021,1
2093,10961,1
313,2459,1
15493,29270,1
2563,4892,1
26400,13889,1
19033,6600,1
17590,38669,1
27795,260,1
5928,23291,1
21193,428,1
134,2616,1
4845,5023,1
23464,9389,1
23051,22675,1
5091,14948,1
823,5152,1
4222,6669,1
27304,4586,1
2009,356,1
3270,2194,1
4642,13594,1
579,23610,1
2230,8166,1
4469,32882,1
517,23743,1
13694,18911,1
485,9641,1
17493,13085,1
6488,16951,1
3721,4109,1
69,39256,1
2600,6901,1
5400,31474,1
19161,800,1
10125,29324,1
13240,25489,1
656,19955,1
21161,4779,1
12119,21120,1
9526,21013,1
5469,1538,1
500,35255,1
2561,7857,1
13131,16140,1
3191,17837,1
2951,20211,1
1235,1095,1
1358,6846,1
1576,226,1
1653,18775,1
9901,6702,1
13003,22116,1
28650,22413,1
4207,450,1
7106,32160,1
11535,6317,1
11533,3998,1
5113,18672,1
555,35416,1
27474,29042,1
11370,34386,1
11256,8934,1
3131,36472,1
15259,31508,1
203,17731,1
17621,1148,1
14679,34368,1
3429,35029,1
9286,1059,1
9191,9749,1
15191,38488,1
28079,27526,1
21419,1813,1
15345,18771,1
24437,15544,1
5829,15460,1
6785,31792,1
26915,19550,1
6929,3437,1
16435,1883,1
12545,18591,1
1904,1514,1
22975,20452,1
16171,5608,1
1761,16301,1
1930,706,1
12257,3573,1
6552,16706,1
6130,3818,1
2288,107,1
17161,31811,1
2140,25254,1
1021,4583,1
16826,36288,1
4587,15200,1
5347,453,1
4589,14858,1
16989,9222,1
4770,17051,1
21561,10710,1
6377,1318,1
7257,3074,1
1565,11732,1
19698,247,1
20458,24511,1
1186,4195,1
12,8127,1
7484,19363,1
9590,6082,1
21544,2952,1
3532,12098,1
102,17758,1
5050,13578,1
20735,14977,1
5591,6981,1
691,23371,1
24,11436,1
2142,8913,1
14566,23852,1
2856,21323,1
18832,36028,1
11723,637,1
17597,2790,1
8255,6806,1
13399,5562,1
2752,16833,1
18158,2680,1
6202,21628,1
4056,3552,1
4217,2759,1
9709,75,1
21952,35835,1
2505,17252,1
16167,682,1
3301,4010,1
12315,3625,1
1336,15171,1
29091,19997,1
1317,3483,1
1939,20385,1
15504,15424,1
14306,33728,1
4482,19550,1
20676,12854,1
4103,23341,1
23496,4247,1
650,8489,1
5427,1530,1
4725,464,1
11614,26281,1
5539,1592,1
1244,27056,1
22848,546,1
2041,31442,1
4918,27766,1
757,28683,1
27481,32791,1
7814,3722,1
28161,31580,1
6815,26113,1
7789,25080,1
24310,17635,1
17043,2341,1
7518,4340,1
2918,14821,1
1337,8821,1
7175,4338,1
284,10305,1
29511,24456,1
7341,19271,1
10488,8571,1
15516,24740,1
22261,19597,1
1665,34860,1
702,22643,1
459,14252,1
1444,7059,1
16159,1663,1
153,18020,1
29706,34776,1
13822,16361,1
65,35731,1
11661,2392,1
12884,13280,1
19019,14900,1
20951,21410,1
24721,10682,1
22729,3587,1
21380,208,1
7762,13926,1
20846,10914,1
190,2246,1
13412,2289,1
25476,35801,1
586,25283,1
5416,5876,1
124,17290,1
13708,24040,1
12100,14116,1
9322,33866,1
19869,7247,1
9299,28846,1
1120,3471,1
2093,36395,1
4650,12195,1
9992,7138,1
17552,383,1
16417,15267,1
7352,450,1
2483,3109,1
6635,156,1
1759,1811,1
15807,19547,1
2769,39688,1
1308,12326,1
2715,16901,1
24588,4019,1
24,8133,1
1543,9899,1
4637,22614,1
1457,6229,1
2682,363,1
9657,27204,1
5544,22014,1
9370,4129,1
2781,23166,1
18347,32970,1
26531,11438,1
11560,15274,1
28205,27337,1
15974,26891,1
22799,29258,1
6016,11495,1
890,38883,1
8548,30330,1
1843,10274,1
3182,10173,1
26885,32692,1
10317,702,1
12,32458,1
24510,9272,1
13812,422,1
11108,2183,1
18712,2910,1
24873,33357,1
4650,8057,1
21175,2503,1
500,33409,1
4453,17537,1
14309,36029,1
3870,19446,1
4874,29970,1
447,5279,1
4727,15397,1
5761,10803,1
5056,38056,1
17187,5629,1
11420,40609,1
12414,30345,1
1965,314,1
10053,29587,1
19223,4092,1
21525,5151,1
10035,6982,1
14151,706,1
5957,4309,1
23660,25859,1
12372,320,1
8069,24614,1
1168,8671,1
3546,4599,1
6053,765,1
5342,258,1
6670,8939,1
583,34858,1
2485,39315,1
24272,20049,1
716,3487,1
12034,6223,1
7680,7445,1
10774,7868,1
2856,653,1
3970,4364,1
5288,5749,1
4127,17871,1
28270,5158,1
14983,6038,1
21569,27291,1
8125,33599,1
782,37801,1
1183,7877,1
28745,22393,1
1753,16070,1
10797,40884,1
6367,38726,1
9108,8378,1
16226,31715,1
7260,15501,1
25874,22199,1
16257,35307,1
5860,35268,1
8700,38214,1
22438,16976,1
20223,26013,1
5037,31114,1
8784,34364,1
8639,3822,1
19046,14142,1
19628,2891,1
1706,9493,1
22153,2871,1
13148,1359,1
19584,10291,1
3984,14479,1
5185,22059,1
20535,6043,1
7275,477,1
23510,28727,1
2668,38700,1
28108,18176,1
22728,9614,1
9105,3498,1
935,461,1
1932,1824,1
213,29324,1
25194,3422,1
2083,24437,1
7720,11064,1
7668,7633,1
5164,6085,1
14521,24210,1
21078,11825,1
19448,12688,1
11617,7142,1
22178,36047,1
9519,20408,1
6154,17522,1
2092,4407,1
2739,437,1
13970,350,1
238,5867,1
11600,2975,1
9169,40256,1
23866,7694,1
24643,22655,1
15412,36668,1
10102,40852,1
10308,20712,1
6994,2281,1
1021,597,1
724,30,1
4888,42,1
270,11304,1
12798,15788,1
3590,11143,1
8205,6543,1
7273,9151,1
28918,10911,1
29439,33109,1
21738,15117,1
5435,258,1
15549,12870,1
2996,2767,1
16230,3887,1
8469,5182,1
23478,140,1
4221,13685,1
3744,3437,1
5098,31946,1
1672,26387,1
1939,6999,1
19039,63,1
7781,10361,1
27769,30077,1
6347,16159,1
352,25285,1
4208,127,1
14592,14403,1
10337,16739,1
98,8292,1
6086,30942,1
3853,15702,1
24559,57,1
26409,21698,1
6934,12078,1
10417,11753,1
4282,966,1
5916,2518,1
7623,30142,1
18427,23199,1
6594,6587,1
28082,997,1
824,13266,1
16787,2718,1
9503,16212,1
4371,16938,1
19433,1458,1
9322,3513,1
21358,258,1
11272,1326,1
11539,9246,1
28069,23370,1
15336,34544,1
17943,2603,1
10570,37997,1
6332,3979,1
7990,37087,1
6025,1446,1
72,26622,1
989,2123,1
18407,33936,1
25670,1956,1
2666,9891,1
22261,25723,1
632,19673,1
1699,1060,1
11893,7367,1
6257,8541,1
24108,36796,1
4932,6477,1
4913,14976,1
14056,16974,1
26895,23511,1
20995,40948,1
5390,706,1
16355,35120,1
6133,6878,1
975,29996,1
142,11113,1
21067,24943,1
20400,2737,1
20502,36104,1
4122,69,1
390,16002,1
23447,31918,1
1569,17416,1
9955,2128,1
22569,20720,1
2231,8843,1
4357,3819,1
20151,1905,1
5122,7462,1
11507,1469,1
2921,15724,1
7304,5991,1
23763,22664,1
17157,122,1
11331,971,1
4296,14804,1
27434,6678,1
29688,220,1
10971,4217,1
10263,6177,1
4988,6419,1
9149,22066,1
3107,1509,1
13101,2253,1
1471,546,1
14954,37322,1
3319,35557,1
1487,35703,1
697,23871,1
4262,38734,1
27165,38254,1
14608,11148,1
24957,2959,1
21164,601,1
2291,1446,1
25070,28424,1
736,30572,1
16753,10249,1
7467,399,1
493,1966,1
2478,22872,1
1165,8317,1
12205,1061,1
7404,31592,1
6995,3742,1
25441,30487,1
12491,33254,1
13944,1834,1
13461,4090,1
2447,23128,1
6955,2824,1
513,10031,1
23584,25520,1
26787,27941,1
20760,31366,1
5120,20423,1
22155,27511,1
2899,6153,1
23749,14437,1
12131,31497,1
2208,25982,1
6343,32705,1
911,19989,1
28996,37243,1
13071,14053,1
2871,9027,1
8645,40380,1
11670,521,1
8082,20995,1
139,9672,1
13843,29964,1
2501,36984,1
11424,40965,1
6656,7955,1
9366,8918,1
25987,14667,1
15281,3046,1
20556,1561,1
17116,10704,1
866,30833,1
16805,28785,1
6915,9595,1
25795,1922,1
15663,2584,1
5386,27708,1
10760,39871,1
19076,27354,1
26938,37978,1
26096,9591,1
26645,33975,1
23814,7925,1
4513,3791,1
3661,24142,1
9739,13021,1
2161,17294,1
2993,18971,1
6421,19113,1
5995,16104,1
16503,4583,1
27511,2341,1
17682,2436,1
19110,25805,1
12491,3424,1
28348,10617,1
14791,1423,1
21032,37438,1
5639,22347,1
1234,32753,1
25659,36588,1
14067,14736,1
18426,23078,1
9051,30283,1
10267,10486,1
550,9519,1
702,39554,1
3984,29071,1
3150,21486,1
28867,1049,1
19222,17833,1
6197,14894,1
6566,13773,1
28878,35730,1
907,26512,1
6584,744,1
6456,15947,1
691,10437,1
17357,31982,1
1510,7285,1
13479,27197,1
8098,7981,1
833,3269,1
3659,7236,1
20871,29945,1
9702,18370,1
15902,25020,1
17603,32272,1
15173,29694,1
12484,35308,1
2093,2478,1
2752,28069,1
16156,31158,1
176,5686,1
13238,1277,1
10648,4812,1
3647,37410,1
3244,10968,1
161,2217,1
6706,32105,1
316,4137,1
13813,3675,1
9132,38869,1
4752,3596,1
2776,587,1
27496,14700,1
17641,10353,1
3379,40830,1
22054,2198,1
27449,5058,1
20969,37859,1
3925,16366,1
2568,4096,1
21722,1126,1
12827,1628,1
16292,14979,1
2093,35871,1
9524,7869,1
10252,16964,1
25343,23208,1
10675,35422,1
29229,20662,1
23648,29862,1
3416,31969,1
13531,4760,1
6594,1176,1
13421,3056,1
19466,473,1
7097,1098,1
24574,2771,1
9759,11423,1
2554,34149,1
1699,2799,1
981,17093,1
1027,9167,1
18308,9089,1
21428,1404,1
16533,2062,1
1692,7496,1
30,23578,1
9672,6533,1
23649,1001,1
7310,5097,1
2320,13504,1
21957,7400,1
20285,3455,1
22209,1098,1
22523,12161,1
28757,20816,1
511,3156,1
10386,4044,1
9996,28121,1
20093,39,1
25348,23999,1
24789,22262,1
13279,23557,1
459,185,1
1687,3863,1
17920,1976,1
23699,29382,1
14020,4030,1
5167,4070,1
4453,20042,1
3166,39869,1
25551,1013,1
9406,431,1
14233,8586,1
14413,1477,1
21317,12770,1
4608,1526,1
20570,12966,1
2323,14913,1
1559,33731,1
16095,21607,1
13890,13058,1
10907,2641,1
15176,16002,1
16008,31111,1
5898,1058,1
9110,19400,1
12599,11470,1
11484,32713,1
3107,13403,1
18650,37383,1
9026,6834,1
6936,310,1
2366,13693,1
5167,9893,1
13455,33731,1
106,514,1
3247,27497,1
9501,1632,1
21764,8026,1
24116,15424,1
10675,2404,1
16609,16102,1
8166,9596,1
2728,15584,1
17078,30410,1
10266,21407,1
5750,38067,1
15079,12978,1
6629,14495,1
22785,15439,1
12443,6318,1
807,9693,1
7317,8445,1
12946,2700,1
19063,19600,1
1150,12633,1
22300,207,1
29839,1050,1
15893,4845,1
3629,9966,1
1120,6326,1
12714,21106,1
15063,12942,1
8332,706,1
13547,8082,1
11141,5824,1
28870,21394,1
12136,18990,1
3843,29925,1
974,30,1
9278,8354,1
29735,17380,1
1833,1965,1
5952,2198,1
12955,35840,1
26439,593,1
8845,29269,1
1045,546,1
8237,1631,1
5882,11677,1
27987,29504,1
6064,258,1
15229,33512,1
718,34829,1
1257,15581,1
19204,5802,1
15020,1331,1
755,13017,1
3942,4305,1
27742,437,1
23066,22929,1
17582,1840,1
23094,14496,1
3131,3762,1
6541,13018,1
786,17857,1
124,37234,1
11325,37431,1
2278,8253,1
13865,38927,1
6598,18836,1
7205,6079,1
18077,3573,1
22382,12777,1
1727,9885,1
10238,6837,1
29763,37487,1
8604,31035,1
6236,1359,1
17685,29406,1
14382,37326,1
5575,6059,1
509,6420,1
13693,31878,1
9760,4903,1
24603,35978,1
14242,1423,1
10429,39486,1
6115,6032,1
10334,1736,1
2154,19312,1
1432,27651,1
18474,34029,1
8279,7998,1
7038,39519,1
543,6514,1
8795,24720,1
16425,16506,1
25340,4165,1
25788,11105,1
310,11437,1
11090,1033,1
2195,4168,1
26125,10848,1
21358,6634,1
9714,12419,1
8969,8158,1
4637,16886,1
5111,1334,1
8669,5803,1
2784,28160,1
27275,8130,1
9722,14708,1
6772,6999,1
27937,4399,1
18779,4315,1
5729,2431,1
28407,27069,1
8369,16991,1
3550,2423,1
23858,4877,1
21191,12166,1
10211,35665,1
14628,69,1
4803,27121,1
2778,18962,1
399,18137,1
25544,20074,1
6283,5768,1
1855,48,1
5932,25156,1
19677,25527,1
22624,2224,1
9071,2205,1
19046,21133,1
12428,21447,1
9444,4773,1
14532,40499,1
13157,8290,1
12341,8855,1
20154,8125,1
7609,19133,1
21402,13508,1
18103,6426,1
1835,1071,1
19971,17182,1
2189,10646,1
23540,14280,1
22039,18415,1
1264,3593,1
28069,1755,1
28736,22786,1
21117,15782,1
1176,15168,1
13696,37424,1
880,33772,1
1512,28451,1
1937,36928,1
3970,6996,1
33,18076,1
373,26975,1
26015,418,1
2622,32058,1
7429,2152,1
9322,33257,1
6531,18250,1
390,2855,1
15318,13825,1
24306,2498,1
628,30477,1
598,18882,1
12709,1182,1
13482,13588,1
3688,29999,1
2910,30658,1
8702,13318,1
3261,23203,1
25480,49,1
3228,706,1
11364,36417,1
6565,14983,1
25492,27356,1
2118,9582,1
20057,38865,1
18730,249,1
25097,4773,1
2624,34250,1
13774,14298,1
1027,4980,1
12353,1071,1
10626,6627,1
14001,383,1
5748,2461,1
3462,9613,1
1429,1545,1
17182,7167,1
2374,1906,1
12161,15871,1
3514,5000,1
18045,29280,1
16241,63,1
1072,30108,1
28734,21017,1
4023,2893,1
24984,34672,1
7048,33570,1
25825,38239,1
1752,1984,1
3193,7583,1
3722,3438,1
469,17670,1
28557,25493,1
4635,2196,1
6513,6404,1
3732,140,1
23093,18063,1
3185,34231,1
503,29487,1
22494,4307,1
10994,8998,1
2873,11809,1
9383,32908,1
3289,24648,1
2897,9844,1
635,10050,1
124,2801,1
4228,7729,1
3713,33585,1
1239,21394,1
21607,25369,1
12185,8409,1
3453,2803,1
1286,13736,1
1188,17816,1
5776,9191,1
16655,33872,1
26126,1091,1
22267,6771,1
23114,5528,1
7901,14200,1
8095,5313,1
16528,14705,1
19500,10417,1
1045,9436,1
17074,15969,1
12764,2398,1
21824,3265,1
25102,17080,1
20793,30335,1
10857,207,1
9103,37720,1
7393,444,1
8146,22861,1
632,16363,1
14269,7508,1
9925,262,1
28736,11094,1
5132,2584,1
4551,23490,1
11591,7191,1
1435,32527,1
2324,6082,1
1702,27997,1
397,8768,1
6552,1580,1
4030,17501,1
13157,3466,1
18825,37249,1
5245,2502,1
9709,13307,1
12188,7307,1
20597,31472,1
13235,25691,1
777,18837,1
3755,13157,1
16234,19101,1
23819,7837,1
746,5789,1
16169,32569,1
14835,16230,1
25547,13667,1
741,31979,1
12737,31368,1
12327,30930,1
3923,11313,1
2920,3957,1
2934,16664,1
15635,260,1
22563,11243,1
7318,21765,1
3437,16458,1
13146,15603,1
17489,23892,1
1129,12129,1
18186,8517,1
9382,34824,1
11959,3635,1
19192,34221,1
782,12490,1
174,507,1
13076,12488,1
4917,9244,1
5619,38924,1
1266,5033,1
2216,31102,1
1486,36490,1
6077,12758,1
5539,6673,1
3482,16333,1
21055,33178,1
1885,5994,1
279,10932,1
19583,16571,1
651,297,1
15476,6221,1
7581,11890,1
19361,1012,1
14450,10295,1
1926,23355,1
935,17732,1
28536,1727,1
24850,6439,1
2796,32874,1
1442,10015,1
6840,23900,1
1850,1422,1
22042,22218,1
2015,13359,1
10567,25983,1
16356,8634,1
11312,13919,1
17332,16704,1
19516,6721,1
27496,27185,1
11398,26040,1
4354,1803,1
1150,13787,1
8000,35799,1
428,14172,1
24678,36700,1
5866,4363,1
16216,22032,1
1371,11862,1
8423,40171,1
27361,14504,1
9712,39213,1
16124,28980,1
8593,4129,1
4950,8072,1
1760,30200,1
11738,5350,1
6689,1781,1
25916,26155,1
9735,5920,1
13301,15428,1
24136,15447,1
23943,25690,1
16431,1685,1
18910,236,1
17356,33096,1
989,12774,1
20781,3441,1
2711,12524,1
2064,23418,1
11542,7054,1
1589,3206,1
3182,3893,1
5358,25126,1
23694,3881,1
22207,990,1
4121,3102,1
67,6878,1
4429,8529,1
22919,248,1
9825,448,1
27035,383,1
21586,3102,1
4264,22674,1
23622,21318,1
21965,4986,1
20393,38643,1
10607,35770,1
632,5823,1
14675,226,1
3232,721,1
2209,25132,1
2062,1223,1
8374,100,1
2068,12090,1
28864,3976,1
335,1728,1
22342,22899,1
9356,28652,1
9739,25556,1
707,7440,1
10417,10420,1
583,14924,1
27022,258,1
71,5871,1
23550,11377,1
7534,1207,1
6905,5242,1
7651,6783,1
20712,34301,1
29211,6494,1
23599,1942,1
7795,16094,1
3824,310,1
25727,38257,1
12198,17482,1
15295,33299,1
7462,2229,1
10891,9449,1
14875,9563,1
12048,24582,1
20051,14204,1
3132,15976,1
9610,31015,1
3647,11608,1
3830,2831,1
15673,26175,1
707,15159,1
1234,32417,1
7265,19851,1
14483,4690,1
6606,226,1
6153,23680,1
22392,26169,1
21507,260,1
9930,13688,1
6543,3130,1
27528,9564,1
14695,27808,1
8069,19734,1
13507,10220,1
5178,26596,1
607,4159,1
10319,5920,1
4320,21971,1
1106,6768,1
14848,23939,1
12372,546,1
3491,37797,1
10202,20864,1
13714,33458,1
14567,33281,1
13234,21926,1
17148,9801,1
3134,36498,1
4560,3230,1
11940,1638,1
3965,22682,1
11183,2217,1
4302,2879,1
19647,6318,1
1845,8992,1
6771,16631,1
2098,15581,1
2351,14102,1
13530,7298,1
10293,637,1
1554,8695,1
3688,809,1
6851,28317,1
19695,22491,1
2881,9283,1
774,34530,1
2714,25640,1
7549,7478,1
2542,24849,1
7835,24023,1
2049,383,1
814,6382,1
8851,8031,1
14440,668,1
58,38819,1
1088,5532,1
730,6318,1
1988,17422,1
4485,526,1
7292,374,1
6144,20922,1
2631,6815,1
22580,35774,1
7295,14115,1
20973,9064,1
895,22845,1
18154,9287,1
15784,26521,1
25874,421,1
6331,14763,1
17070,32837,1
20803,360,1
2125,5034,1
3396,9258,1
2118,1182,1
26217,37258,1
24219,12763,1
9,6170,1
1930,6876,1
6517,2019,1
7835,18701,1
5434,10245,1
12353,14099,1
3088,10923,1
1032,1886,1
26379,7023,1
619,27145,1
4573,6530,1
4603,5526,1
4228,6090,1
4580,23581,1
18976,754,1
24250,3678,1
12223,1700,1
10696,17519,1
8729,14780,1
15641,8136,1
27527,27387,1
15119,2217,1
6993,641,1
4027,49,1
10686,309,1
19299,732,1
5131,7400,1
4997,37266,1
1388,4833,1
3119,40680,1
15003,5057,1
4207,1235,1
12136,17580,1
1432,5347,1
12740,1010,1
1728,29590,1
6877,20510,1
10367,18476,1
25677,4826,1
28143,29438,1
20753,10951,1
844,17214,1
2768,24451,1
26128,19160,1
2711,563,1
23051,6135,1
7497,8052,1
2478,10530,1
4377,3491,1
2382,39692,1
2755,1055,1
9618,39817,1
23115,33471,1
22811,20752,1
8280,17208,1
5432,17947,1
2667,6514,1
12383,21007,1
6677,967,1
28078,3547,1
10437,27915,1
4066,815,1
8682,29708,1
193,10389,1
16308,1146,1
4959,136,1
1331,12886,1
8342,15666,1
6974,20495,1
16769,19410,1
2478,28053,1
17479,7894,1
1866,16879,1
4128,4912,1
4406,668,1
5833,69,1
17146,11663,1
22531,2882,1
1130,2106,1
3272,1526,1
16536,14281,1
18095,14804,1
19753,39084,1
23881,2124,1
12544,24588,1
9779,7925,1
27370,27691,1
3008,15854,1
3816,21141,1
7396,21131,1
1432,1619,1
13772,6954,1
16307,429,1
5719,17132,1
6936,14280,1
354,3077,1
13711,24581,1
3806,3309,1
1345,3062,1
12060,1394,1
20250,9766,1
2660,25087,1
4357,5328,1
6797,9949,1
23905,4603,1
12821,25287,1
16664,174,1
14761,17020,1
13357,10215,1
17561,477,1
21239,9277,1
12832,837,1
19726,2032,1
12722,26379,1
3775,32475,1
2000,36098,1
8173,26419,1
1867,4223,1
14313,9151,1
5091,7582,1
3528,383,1
10820,4052,1
7072,12288,1
440,28659,1
1267,35934,1
11663,5626,1
15751,69,1
10117,36124,1
1160,9683,1
7904,2739,1
2826,30619,1
1608,1670,1
21292,8062,1
26201,2019,1
3727,22939,1
4599,11006,1
6284,4313,1
1733,22390,1
7273,11667,1
21487,6831,1
21967,3501,1
17961,4126,1
28685,7138,1
5263,31974,1
2782,1225,1
8968,14049,1
6165,546,1
25320,3104,1
19154,478,1
9796,8652,1
18558,30051,1
446,13379,1
10090,1314,1
7005,12556,1
4650,39486,1
12604,40232,1
651,4656,1
23564,260,1
28589,2746,1
579,21096,1
11770,3424,1
1096,21283,1
415,34,1
8941,30704,1
3965,22842,1
2580,5865,1
10188,26452,1
6118,20457,1
12081,38064,1
8269,32879,1
7435,1937,1
17818,36200,1
1093,2824,1
9318,1675,1
4359,7281,1
10537,2217,1
9615,37579,1
7703,6754,1
4834,12525,1
3361,29066,1
18893,8664,1
15292,800,1
3594,33395,1
8916,8169,1
13572,22424,1
1202,5705,1
4062,15453,1
22399,11168,1
8064,38491,1
29367,22631,1
11643,34510,1
23553,2714,1
15786,18623,1
20348,8332,1
23290,24707,1
16843,2070,1
7090,24508,1
12106,23523,1
21834,40255,1
15168,383,1
5884,20828,1
9604,6365,1
6491,8129,1
225,6040,1
6963,16291,1
4910,38340,1
6289,5243,1
11814,28799,1
16130,12827,1
16887,4040,1
27101,35696,1
15387,14614,1
3536,21814,1
17422,23887,1
2752,32070,1
9463,40961,1
21288,7731,1
28633,226,1
7067,13590,1
2269,26261,1
9418,26477,1
8096,9123,1
10979,36432,1
1467,5849,1
8061,321,1
285,4870,1
437,421,1
12623,16646,1
7443,25063,1
9110,8853,1
3489,942,1
2230,500,1
5038,23666,1
1336,7808,1
17336,18781,1
3173,1919,1
25335,9191,1
6452,32071,1
8244,40943,1
1143,26572,1
14272,15107,1
27766,14459,1
726,3484,1
5845,587,1
15249,38036,1
5063,34797,1
1293,22628,1
5661,6837,1
25875,24288,1
4481,2678,1
1315,5887,1
26299,1775,1
2591,15610,1
7429,5023,1
24858,18668,1
3127,4556,1
1653,26881,1
19392,30358,1
29695,12256,1
21505,706,1
5436,3968,1
504,10144,1
4901,22199,1
16593,34212,1
11472,30952,1
23261,1600,1
1988,13381,1
26212,815,1
8890,12093,1
8771,1176,1
13254,17664,1
9398,36022,1
3214,33981,1
2726,32107,1
8301,20523,1
156,14485,1
3166,11670,1
9189,628,1
3444,17142,1
978,13286,1
18394,21901,1
26210,14816,1
24031,23253,1
23736,7387,1
2750,3828,1
7713,13203,1
5646,1860,1
1486,13260,1
21010,4773,1
12514,27886,1
2258,38966,1
69,20540,1
8787,17078,1
27178,24277,1
6429,15123,1
871,17093,1
7073,2834,1
4834,3355,1
22325,5911,1
2923,8691,1
8121,10803,1
2475,10027,1
5260,546,1
4695,11562,1
13754,22679,1
1686,13457,1
13342,14614,1
4042,7217,1
17657,17317,1
1993,19782,1
22790,2341,1
6183,12763,1
21205,27325,1
3368,34977,1
25329,35805,1
4623,3106,1
6894,28581,1
26694,837,1
10778,21131,1
11053,2181,1
1967,12530,1
707,1834,1
16452,7850,1
17495,37502,1
1095,4004,1
13954,28541,1
7283,4430,1
3941,1818,1
5465,2537,1
5506,35700,1
12088,19676,1
3348,208,1
17898,1189,1
7814,2616,1
15045,258,1
11494,3430,1
24841,3455,1
14212,40749,1
11226,2341,1
22134,1521,1
9338,8430,1
2761,19,1
6426,6973,1
3478,14174,1
1646,22424,1
1216,4109,1
1987,23414,1
14970,7496,1
1953,27541,1
1407,23837,1
18341,29974,1
26915,35783,1
3132,17954,1
14819,5115,1
2434,12054,1
24421,18250,1
9808,37154,1
27656,39133,1
27984,9979,1
28975,6524,1
2425,27174,1
1130,7104,1
29064,17253,1
14929,1590,1
25232,30260,1
5574,31806,1
11765,29362,1
3552,35195,1
6121,7088,1
15101,21295,1
13938,39877,1
21299,19389,1
26225,16885,1
1028,19551,1
17823,1173,1
1050,26106,1
4739,4548,1
279,2069,1
203,25904,1
4397,19617,1
24999,40781,1
15588,9756,1
276,6385,1
1244,7627,1
13553,5254,1
2752,9469,1
10040,7936,1
28733,5574,1
8959,23655,1
1183,22919,1
14623,271,1
2682,8057,1
12192,12805,1
1234,2747,1
16646,30564,1
6174,18508,1
10791,22048,1
5786,28976,1
2194,1336,1
11678,22118,1
6994,36174,1
10686,460,1
9990,19203,1
26941,9277,1
925,208,1
6073,10091,1
2923,36473,1
220,15828,1
2291,1295,1
6519,4132,1
18053,15678,1
190,7371,1
24461,1836,1
23165,6716,1
6364,766,1
15201,1360,1
5231,4319,1
1836,4921,1
4407,15496,1
19859,10036,1
17437,670,1
21179,26134,1
1021,3124,1
2371,6686,1
5185,140,1
6108,17783,1
19554,17136,1
29586,3095,1
25341,37893,1
940,3319,1
1147,26346,1
15632,18611,1
96,19782,1
15143,40839,1
23085,8612,1
13034,24684,1
11373,336,1
16706,30673,1
9695,19761,1
3076,8849,1
5385,36527,1
16276,268,1
28266,16212,1
6584,27355,1
3538,12904,1
9405,7616,1
13300,34167,1
19496,24319,1
12821,5880,1
7209,34966,1
19271,1062,1
7199,24255,1
2430,20638,1
5800,3863,1
2451,40873,1
784,13326,1
22449,33982,1
370,40291,1
4296,1155,1
6936,14390,1
14275,4509,1
4807,8984,1
3283,15460,1
2717,37438,1
207,36467,1
4023,6608,1
9664,12430,1
2716,11543,1
394,31599,1
958,11437,1
1522,23522,1
1656,19707,1
25696,39250,1
2390,3241,1
6800,29620,1
13296,3476,1
3131,2242,1
844,15273,1
4521,18714,1
14880,6032,1
16247,30670,1
1680,4868,1
5460,14591,1
7642,1932,1
9996,26805,1
616,4508,1
29425,2418,1
11725,6939,1
20860,13098,1
4450,24290,1
5921,23599,1
5140,5427,1
14010,15715,1
19224,7165,1
12095,19456,1
10475,2583,1
10525,7700,1
6885,33833,1
9873,30161,1
29066,15070,1
2274,4656,1
2600,9089,1
18976,5845,1
4011,39354,1
7613,5695,1
19402,260,1
1904,25434,1
9186,25273,1
586,22929,1
19217,20399,1
1813,1505,1
18588,1645,1
12266,17480,1
7524,6746,1
13677,2608,1
4354,22915,1
1928,20338,1
4534,25761,1
1645,20716,1
27599,68,1
5185,23904,1
2359,11690,1
1365,37387,1
8202,420,1
21175,21813,1
2430,997,1
2571,32836,1
10779,2528,1
5799,24724,1
26357,32471,1
26159,12115,1
4221,22694,1
29638,12184,1
3000,1920,1
23075,32262,1
2244,10451,1
7227,207,1
18702,8398,1
25833,20290,1
82,25046,1
1851,40587,1
559,17156,1
4587,5532,1
15448,1608,1
13776,19196,1
4650,19015,1
12884,9778,1
9755,15058,1
6620,4506,1
26378,27948,1
19244,7394,1
8867,29894,1
20505,3024,1
316,3491,1
10756,36133,1
1996,35399,1
1507,38421,1
17294,18103,1
2195,8134,1
27752,29355,1
12569,19823,1
22496,21970,1
23760,26562,1
3130,16311,1
24525,4296,1
13659,8443,1
459,25609,1
4099,17956,1
412,20766,1
6044,19516,1
26905,2584,1
13474,18705,1
13397,1599,1
10267,15397,1
5059,17805,1
13285,7488,1
6063,27723,1
7082,9062,1
3741,747,1
5306,1889,1
32,23440,1
27267,4877,1
25449,34529,1
8909,12226,1
5056,12628,1
11647,34171,1
16111,6773,1
18718,24272,1
21755,21318,1
21800,31810,1
6358,13190,1
365,31636,1
7352,6059,1
3796,8227,1
16724,11600,1
13339,36922,1
3995,623,1
2218,10646,1
4785,3130,1
2478,35424,1
364,29503,1
3331,21066,1
6005,4717,1
4883,32886,1
11165,23865,1
14334,32282,1
5470,14539,1
3420,226,1
12201,1058,1
10906,28450,1
2027,9171,1
5163,7354,1
6123,6782,1
7977,31161,1
882,14569,1
2126,18810,1
3270,23683,1
8670,19169,1
22079,31861,1
5609,13433,1
14459,13943,1
11070,31482,1
7409,3132,1
27154,7285,1
27141,25769,1
6301,1396,1
21414,38124,1
1425,9820,1
8202,3186,1
746,40492,1
5318,29258,1
8024,1050,1
4681,7085,1
12755,35787,1
4286,16071,1
12230,910,1
10191,20245,1
8244,8445,1
229,18221,1
18501,35037,1
2011,5981,1
7381,20941,1
9615,35808,1
15907,12560,1
13083,24448,1
2370,13279,1
7025,34060,1
1435,6520,1
18837,5417,1
6578,37052,1
21683,14306,1
4066,26630,1
13706,21691,1
772,1983,1
8331,8506,1
3657,17794,1
3489,31399,1
15745,5587,1
21355,69,1
12153,11288,1
22063,2862,1
6102,140,1
6815,16460,1
3018,1685,1
2691,12572,1
10457,7487,1
21490,39076,1
13281,15398,1
25387,18536,1
11409,27836,1
586,37576,1
9845,38804,1
11275,37751,1
4279,29959,1
8752,21862,1
9959,6043,1
937,39416,1
2565,9358,1
18594,40122,1
21179,9829,1
7371,38867,1
12898,7280,1
20190,14799,1
21049,5991,1
4554,25680,1
1666,14723,1
18198,3036,1
22041,12521,1
10734,33824,1
24837,34455,1
7306,4351,1
15771,12100,1
5171,26095,1
29643,54,1
17184,5291,1
11253,8218,1
21551,27112,1
9245,7360,1
20789,7983,1
17680,13733,1
5378,7311,1
9565,13589,1
5564,14256,1
12773,38391,1
2180,28056,1
20516,1331,1
3376,16804,1
10051,606,1
5562,19133,1
4732,7470,1
25168,14786,1
4183,20423,1
811,30020,1
15224,20962,1
11580,11677,1
19304,37663,1
27670,4129,1
1946,12166,1
3309,1492,1
11171,1590,1
3832,11136,1
3193,3860,1
20583,18682,1
8467,11411,1
18444,9536,1
4741,14311,1
25926,16428,1
16472,18053,1
133,21805,1
47,3828,1
28084,7752,1
26219,2311,1
2533,2584,1
1730,15696,1
803,1832,1
11602,507,1
16910,8928,1
12898,4833,1
16739,4937,1
6408,4930,1
8300,4449,1
12950,3046,1
14655,1723,1
5487,641,1
6308,21491,1
29251,29232,1
3752,258,1
1752,2074,1
7304,28135,1
6063,211,1
5001,13203,1
3990,37198,1
3456,4001,1
4762,11562,1
4596,1888,1
7942,28798,1
12500,18328,1
23618,40242,1
4066,28951,1
1036,2114,1
13652,23923,1
28970,258,1
27467,5352,1
11822,559,1
27005,9160,1
2606,40838,1
8255,5455,1
18708,12078,1
15101,2931,1
1939,209,1
26667,4318,1
1438,845,1
154,1751,1
21842,15616,1
1333,37876,1
8467,37163,1
11092,4023,1
13410,10676,1
5884,33783,1
8288,16402,1
5709,3980,1
17122,18310,1
19073,4159,1
2828,19653,1
13039,37579,1
12749,5284,1
24982,19719,1
1792,11220,1
6712,3299,1
21216,24877,1
786,26221,1
2379,11032,1
24168,12073,1
2851,1910,1
10099,1847,1
17466,27279,1
1847,2893,1
3682,247,1
7185,543,1
10104,16223,1
4948,9207,1
340,24896,1
464,29023,1
11318,1155,1
20293,40894,1
1093,6951,1
17096,30827,1
12459,29023,1
12958,4371,1
15770,8626,1
104,9906,1
29647,30254,1
7195,599,1
4122,9096,1
19117,17023,1
6506,6517,1
5396,40332,1
12775,12293,1
17707,7700,1
18827,1610,1
8767,6818,1
10119,7715,1
15644,4262,1
25332,3254,1
5387,14870,1
2286,4787,1
2564,9151,1
10007,2960,1
4913,14147,1
10042,37796,1
2817,1469,1
5111,5495,1
15392,22704,1
13655,16981,1
15398,14422,1
5463,9727,1
8278,5115,1
4252,8351,1
4384,35464,1
4114,34139,1
14677,1882,1
2344,16106,1
6369,63,1
3472,10924,1
23665,6266,1
9433,5908,1
1879,23700,1
2092,25887,1
3604,27345,1
4637,30869,1
8576,2766,1
16864,23373,1
20543,5024,1
22391,22647,1
740,5515,1
1687,9379,1
25047,1298,1
9004,11836,1
29419,30420,1
2366,23923,1
18635,4140,1
13319,12523,1
19195,39405,1
13804,20227,1
26136,40449,1
594,38434,1
4992,9274,1
25367,4778,1
19648,24012,1
19522,14116,1
26467,36697,1
2252,29383,1
2023,24502,1
18549,18921,1
2173,14068,1
7298,12338,1
16582,5023,1
12687,12036,1
5169,16000,1
10521,4186,1
11659,689,1
841,1932,1
13918,5265,1
3865,25090,1
8533,29643,1
709,19918,1
24640,37940,1
3403,4083,1
12961,18744,1
4058,32683,1
9614,6095,1
6112,38885,1
108,989,1
24874,9040,1
8993,32758,1
12061,16836,1
2428,28975,1
15418,10395,1
11218,16348,1
10824,2481,1
1183,2493,1
16854,1225,1
9806,28535,1
2253,28862,1
25265,1617,1
13739,7085,1
2715,1636,1
3531,39,1
1748,3712,1
1759,10043,1
2363,23445,1
6897,6800,1
12456,35412,1
607,24755,1
27047,26069,1
8557,37391,1
2896,22005,1
1126,2498,1
1804,32344,1
5076,39771,1
4453,6640,1
16530,1677,1
4209,383,1
22677,14812,1
11953,22295,1
3009,40110,1
2863,8519,1
29269,279,1
2370,32146,1
17469,12106,1
22153,12584,1
25924,23144,1
7120,13465,1
7948,40018,1
11512,40418,1
29709,7105,1
22010,350,1
3659,12059,1
7669,3141,1
18381,12328,1
6761,12297,1
21369,9748,1
8792,2618,1
8752,29767,1
7687,884,1
10346,14775,1
9882,1641,1
5292,8203,1
21953,9861,1
15418,20157,1
12802,23689,1
13270,303,1
6448,37169,1
3107,17933,1
1457,13349,1
16424,2916,1
9184,4107,1
311,373,1
2444,40649,1
26624,19194,1
2863,37674,1
7657,11853,1
28796,5838,1
2689,34470,1
17374,8098,1
743,38164,1
10149,12782,1
12357,27329,1
172,1677,1
5268,5653,1
21181,20993,1
28262,2137,1
9989,27633,1
17118,8846,1
945,3691,1
12566,17707,1
14066,30264,1
1095,18813,1
463,4209,1
25515,28677,1
10263,14401,1
21471,1084,1
29797,20206,1
22786,20711,1
7180,14515,1
8784,290,1
20363,18633,1
924,7716,1
2425,24750,1
724,354,1
3396,3110,1
19073,17855,1
8439,706,1
1989,5995,1
11623,825,1
3183,21592,1
4191,450,1
7,7586,1
1894,13458,1
14138,10395,1
11819,13324,1
10544,28525,1
3429,29914,1
6211,3635,1
5331,22245,1
500,2253,1
2965,39001,1
5868,5996,1
20490,1883,1
9735,942,1
23311,1319,1
118,12554,1
836,25399,1
19497,2472,1
13691,28380,1
228,11437,1
26083,34154,1
3588,20050,1
736,25553,1
1092,136,1
28995,24094,1
21547,5217,1
1051,2069,1
6223,39836,1
4242,23121,1
14770,39118,1
2763,15309,1
5094,8495,1
746,40058,1
4087,23201,1
4910,5438,1
6020,14487,1
8121,8089,1
27074,5849,1
5257,258,1
16486,775,1
7484,9027,1
23754,8204,1
11782,4683,1
11243,37737,1
20210,16489,1
17745,1357,1
13348,1585,1
10975,14803,1
2564,15964,1
7434,17470,1
6594,521,1
348,11958,1
25485,1271,1
442,29117,1
6947,40909,1
2711,24190,1
11410,6868,1
14199,1425,1
113,2331,1
22385,2837,1
4450,2528,1
20193,5695,1
23260,20614,1
1364,12294,1
10792,10748,1
14429,7371,1
30,2089,1
11058,22323,1
14945,12413,1
7185,5233,1
5212,37959,1
5932,238,1
18146,18876,1
238,33163,1
326,4823,1
115,6981,1
668,7891,1
213,6113,1
10668,17678,1
12726,3548,1
20958,5695,1
2072,25228,1
9284,30100,1
27044,40238,1
19547,1058,1
23328,18533,1
5355,15088,1
5648,14751,1
7840,25099,1
4362,17210,1
784,32624,1
24578,7609,1
12914,10861,1
5030,5180,1
21597,9362,1
758,11366,1
18909,18781,1
8352,25164,1
4450,31761,1
65,3775,1
3824,17824,1
12404,17349,1
8193,35461,1
4210,4822,1
17727,2741,1
678,15821,1
1148,8549,1
5394,23805,1
16363,35414,1
4055,25743,1
13541,27983,1
5584,37571,1
21291,1990,1
8243,19995,1
3969,1091,1
1972,12858,1
1244,38741,1
16350,2378,1
2335,14723,1
15731,3672,1
8150,932,1
13696,3501,1
2253,16757,1
25567,1742,1
14975,31968,1
4524,1295,1
14712,3282,1
2546,12328,1
27541,11308,1
10108,7888,1
14487,5237,1
1397,114,1
25570,8707,1
13482,2019,1
4567,34128,1
22264,18366,1
14348,12068,1
14477,3778,1
21150,27299,1
28895,10243,1
4025,6320,1
1085,23120,1
772,12942,1
20021,28663,1
20855,1732,1
2220,18751,1
12338,17053,1
897,33900,1
1135,5725,1
5294,40723,1
15015,15082,1
4956,30445,1
1799,20367,1
18516,14296,1
1139,17915,1
7951,12166,1
918,18823,1
11478,8825,1
7747,9400,1
24569,39706,1
15786,12884,1
7404,26174,1
23416,29096,1
1318,1754,1
1740,27472,1
5225,4862,1
20051,25606,1
784,18481,1
21150,12153,1
21,7455,1
7532,13085,1
15548,22929,1
5876,2005,1
11150,31438,1
6626,21374,1
9661,10329,1
2175,18474,1
27288,24926,1
24771,32814,1
6472,7444,1
11616,35490,1
25129,6613,1
13,35315,1
20359,22515,1
19021,7005,1
5910,4887,1
21132,14243,1
13574,34148,1
3642,28907,1
2839,10885,1
15077,17321,1
24380,35914,1
3770,26686,1
3888,5646,1
21924,2062,1
17038,9061,1
9954,39665,1
4180,5736,1
2963,14614,1
20848,29451,1
2483,559,1
24284,27195,1
18045,17701,1
3719,310,1
7940,7351,1
1687,1753,1
7066,6627,1
23414,7745,1
8374,39814,1
769,21871,1
19598,5566,1
16063,9856,1
27538,23870,1
11749,20698,1
6407,565,1
669,6901,1
6448,5214,1
29296,26064,1
3004,17565,1
11564,30176,1
3349,2954,1
19290,16729,1
6148,637,1
3426,13429,1
974,9717,1
11599,16215,1
23990,16664,1
8367,28707,1
13985,20530,1
5470,11425,1
1678,4491,1
3910,14028,1
9666,12136,1
7676,30990,1
3888,15791,1
7525,416,1
6285,16697,1
28832,7726,1
17844,39955,1
269,2747,1
9412,10617,1
837,4197,1
169,10729,1
25299,37920,1
19942,12805,1
11211,2824,1
26412,260,1
1632,27699,1
29153,4149,1
21035,3434,1
1100,10080,1
2178,21634,1
3024,349,1
2781,16576,1
3630,21553,1
65,19426,1
11510,4781,1
9337,13435,1
17778,9811,1
11393,22796,1
16017,9326,1
14112,1359,1
11270,1462,1
13065,13021,1
17523,16175,1
11545,28097,1
2796,28304,1
6444,16242,1
598,13727,1
14154,18894,1
1879,20993,1
469,23847,1
11985,9977,1
17722,5802,1
13436,3762,1
17785,7045,1
3996,5958,1
2,10863,1
7882,8126,1
7201,26455,1
18989,5773,1
10746,13429,1
3601,38811,1
29599,36842,1
8478,7293,1
10743,8821,1
19588,11658,1
4248,10164,1
18380,706,1
11560,4773,1
16147,857,1
6504,1571,1
8114,13531,1
3166,12778,1
2895,35618,1
19052,3660,1
11425,258,1
20274,19302,1
13239,4937,1
16429,967,1
12811,4509,1
3550,8116,1
2959,34,1
12300,983,1
9635,31783,1
219,4083,1
6303,17402,1
2156,6544,1
2624,2266,1
27779,15888,1
16212,25083,1
20968,4071,1
23390,29817,1
16052,33119,1
26271,4754,1
15216,23663,1
10700,14172,1
5346,11509,1
5163,3121,1
27849,4531,1
25947,11398,1
12184,37442,1
2458,11907,1
758,9819,1
828,17056,1
5543,24260,1
6101,35101,1
26722,1271,1
1551,13535,1
22909,33349,1
3044,12811,1
3594,34248,1
8381,13554,1
20443,36491,1
1912,38662,1
7418,9519,1
4923,63,1
12885,17579,1
13390,5950,1
10128,20348,1
16787,1458,1
6239,38750,1
2984,19133,1
6145,8908,1
11172,7578,1
5656,28909,1
528,2337,1
24036,18854,1
15321,7074,1
6299,40269,1
19365,37600,1
14931,13672,1
9442,10702,1
12480,13187,1
27584,17642,1
19956,23953,1
2643,10800,1
18142,1952,1
12469,7491,1
2556,10934,1
1684,29000,1
4581,12772,1
13886,21705,1
25851,38717,1
19181,5460,1
5970,27753,1
24149,11041,1
22290,29831,1
6217,23700,1
16791,38196,1
10797,38325,1
12365,9701,1
828,27468,1
27362,24168,1
6978,6565,1
6392,4712,1
2549,29344,1
21666,8259,1
12125,20672,1
28014,2908,1
9877,3832,1
1760,5677,1
1712,10471,1
919,3325,1
9786,33316,1
5111,13451,1
14435,1201,1
2175,2623,1
652,30298,1
29166,21414,1
1444,23026,1
7315,24619,1
28454,69,1
15733,15368,1
2500,33555,1
18558,28048,1
25954,2818,1
9816,15828,1
16776,30402,1
11775,12469,1
9152,3931,1
16320,3328,1
12851,9144,1
12739,18805,1
182,3096,1
17427,19236,1
1620,11290,1
181,38355,1
5579,1513,1
1563,40609,1
17014,10982,1
15059,34793,1
27460,35721,1
5926,502,1
26178,40261,1
5382,2521,1
5976,2502,1
3501,40426,1
22300,932,1
10303,5251,1
1090,7221,1
4747,8351,1
1552,33128,1
18289,39709,1
7126,34935,1
9829,40607,1
7873,27332,1
13992,8855,1
23627,26931,1
1060,5864,1
12011,20905,1
9175,18511,1
281,28843,1
10718,2396,1
9383,16852,1
24656,5649,1
14684,32781,1
24167,22474,1
24728,34149,1
10539,30897,1
13333,38566,1
5450,30094,1
576,22772,1
12150,5841,1
20867,39150,1
24357,22860,1
16222,14026,1
6272,450,1
18604,22466,1
22899,28120,1
16103,7977,1
1229,24649,1
1804,2505,1
5436,7258,1
19661,3194,1
10508,12192,1
2177,14200,1
12353,40957,1
11625,14731,1
5228,25340,1
20098,260,1
3055,7816,1
12369,14110,1
795,383,1
11980,40736,1
5095,209,1
2030,7802,1
21833,1431,1
7609,38478,1
2855,17939,1
5799,260,1
23748,12072,1
8386,1641,1
5386,10552,1
15817,6269,1
14343,4626,1
4795,6004,1
20017,37118,1
5823,27454,1
1943,8200,1
15030,8376,1
25009,3270,1
11986,26895,1
21480,8564,1
4899,34021,1
2720,800,1
7174,33880,1
19255,4973,1
5355,10009,1
907,2841,1
11028,10544,1
27647,655,1
23857,5837,1
1211,23996,1
28740,13926,1
17720,35891,1
10417,16107,1
2920,8516,1
11854,5478,1
2178,8992,1
2401,26524,1
1730,36219,1
23706,506,1
22528,26637,1
12891,16489,1
5492,3132,1
6749,7413,1
26517,22170,1
5478,6616,1
17405,10790,1
3353,15807,1
3401,22925,1
20640,26944,1
10270,2687,1
12363,37464,1
25384,2828,1
21749,39351,1
2650,2160,1
3258,28101,1
4321,36688,1
13581,1672,1
6833,69,1
22610,6243,1
23872,11116,1
29720,32591,1
425,5665,1
2363,2183,1
4946,4852,1
20686,12016,1
21899,17937,1
6934,38808,1
27902,17900,1
17354,20779,1
15323,7213,1
14672,22984,1
20155,16612,1
388,16427,1
9807,3553,1
598,32488,1
29153,1571,1
19378,12839,1
7003,20845,1
2650,6876,1
935,16295,1
25947,40315,1
9709,40635,1
19562,736,1
11748,35042,1
5331,34262,1
21189,24456,1
19108,14781,1
12889,383,1
1318,10877,1
18309,32599,1
15012,3741,1
20745,212,1
26731,38194,1
5433,13377,1
122,1314,1
452,7990,1
23284,7090,1
1710,4174,1
1965,1190,1
17019,21370,1
17943,8410,1
3266,9900,1
13852,19283,1
1538,2747,1
4115,4822,1
7168,16758,1
12338,9087,1
2878,12845,1
6222,3646,1
8652,22642,1
15289,4220,1
3309,15970,1
15314,35406,1
19400,1465,1
15389,17336,1
1096,3261,1
2340,31804,1
8999,13244,1
3528,5819,1
15493,13072,1
2010,521,1
17143,39324,1
19279,4962,1
3260,28036,1
718,3077,1
6949,27939,1
4643,34036,1
26021,20025,1
4231,39673,1
3718,8879,1
4610,8409,1
16732,2498,1
5478,6175,1
104,17418,1
5979,1270,1
13989,12845,1
13265,4699,1
17856,8259,1
8431,785,1
23375,20628,1
12741,637,1
7009,29274,1
16139,24437,1
24,7812,1
20482,383,1
26397,13903,1
24896,429,1
12569,32922,1
28158,27853,1
6543,36430,1
20006,6415,1
1756,12201,1
2470,19670,1
9961,27973,1
26332,10900,1
1079,4367,1
18724,33217,1
7181,26516,1
18926,1253,1
5330,8283,1
14119,30240,1
12689,3550,1
22546,28423,1
11243,9996,1
2549,13904,1
11385,40408,1
7843,25245,1
7167,2888,1
16186,3595,1
4286,383,1
5390,23083,1
24859,39802,1
22998,3424,1
3152,13021,1
2018,5910,1
428,25115,1
437,830,1
27883,32980,1
1935,31784,1
4269,26592,1
21601,421,1
15667,7647,1
29000,20160,1
2204,13850,1
1322,8846,1
12763,7979,1
7585,13259,1
24531,10321,1
2600,7007,1
13605,17313,1
20155,39,1
27354,18584,1
11891,33292,1
14894,4509,1
22785,12211,1
10523,11294,1
5761,11732,1
18513,29458,1
10578,1991,1
7642,20460,1
23247,29640,1
4442,508,1
6993,18307,1
805,540,1
26474,16176,1
6228,28814,1
15531,979,1
15051,11180,1
17326,32640,1
15517,7065,1
4213,19655,1
8701,13720,1
207,9674,1
1444,23743,1
9567,2158,1
1430,10309,1
6651,33819,1
9871,25784,1
22868,19084,1
1244,2005,1
10234,10958,1
11893,29276,1
13146,10247,1
23040,26219,1
7426,2597,1
2093,5920,1
26252,7138,1
20585,19878,1
3792,3248,1
26910,27275,1
3815,279,1
1080,35150,1
24343,3248,1
13876,28074,1
2093,20176,1
10988,15088,1
20008,6251,1
6219,4570,1
238,32342,1
21450,2407,1
7814,508,1
5544,11513,1
4159,1705,1
8792,34159,1
28457,31950,1
1666,14783,1
26654,2082,1
24054,4856,1
12635,6757,1
23206,37645,1
4013,18399,1
22558,27726,1
4842,19998,1
16545,12732,1
9712,30447,1
18842,4070,1
470,12619,1
20510,16855,1
2208,23448,1
1230,3576,1
8276,8051,1
7384,36281,1
23699,374,1
1565,14389,1
9771,7558,1
7521,226,1
14131,15604,1
2440,2167,1
8779,28640,1
21875,6252,1
19657,9512,1
15806,35573,1
20835,27128,1
10980,12259,1
9936,357,1
2405,6982,1
13196,10891,1
1036,18555,1
12720,7817,1
3916,19108,1
1267,1534,1
5442,3357,1
17009,14072,1
847,6035,1
7452,2440,1
935,10031,1
17128,34255,1
1400,233,1
15117,17121,1
311,6982,1
3234,24047,1
8576,31564,1
10638,13427,1
11426,10407,1
4998,2790,1
11929,28694,1
3373,22,1
1591,19677,1
14552,1850,1
1444,34513,1
464,38880,1
21996,6753,1
4915,40724,1
17172,8239,1
7302,26829,1
3984,10796,1
12311,23473,1
2189,1978,1
1930,34066,1
745,21971,1
4220,4040,1
5225,14701,1
22793,744,1
12186,31893,1
10676,16005,1
3888,39786,1
20468,8621,1
8403,32307,1
6656,14280,1
4631,38052,1
428,33698,1
2792,34200,1
1096,4129,1
7361,559,1
24565,25050,1
29655,11102,1
11733,13793,1
1365,3989,1
3313,21180,1
16010,20786,1
5134,21958,1
3689,29160,1
14029,28672,1
925,28566,1
4247,16729,1
10290,22006,1
6806,10522,1
1100,747,1
5150,7723,1
21725,20637,1
9111,260,1
7728,21679,1
4955,30121,1
29437,7280,1
17311,35890,1
6545,11864,1
18000,190,1
1317,6400,1
17262,30988,1
2721,18867,1
5202,26538,1
11747,36163,1
14961,24926,1
9771,639,1
2650,28966,1
724,20993,1
9862,6766,1
6136,721,1
20085,997,1
604,5504,1
1604,38401,1
13728,29908,1
21571,5950,1
21565,2850,1
24866,26627,1
13516,10403,1
14940,8900,1
6519,13673,1
6347,12349,1
23689,36678,1
11076,4706,1
10855,2892,1
23479,793,1
2827,33373,1
14009,16072,1
26206,16351,1
1153,39936,1
5475,4575,1
5212,3130,1
22497,19930,1
14136,30274,1
3729,257,1
2689,19448,1
28607,21658,1
6488,7937,1
718,25211,1
25024,25977,1
23474,8287,1
11558,38177,1
14351,17254,1
5595,498,1
28101,12704,1
13382,5006,1
25747,1017,1
22732,2990,1
1522,37214,1
27601,5729,1
2274,7279,1
6075,4778,1
12,11600,1
8673,5636,1
19011,20530,1
26346,40278,1
6192,36542,1
2689,521,1
5209,8649,1
8340,12586,1
25289,4983,1
13868,20813,1
25803,24279,1
2458,10960,1
1211,7617,1
24417,13225,1
10337,14708,1
13920,11606,1
17826,7978,1
12114,908,1
16071,20823,1
2276,10264,1
12634,16090,1
24420,30685,1
2,9579,1
15120,1521,1
20923,21618,1
988,1632,1
543,6945,1
22738,428,1
1207,20354,1
13675,4893,1
12901,6686,1
9973,4913,1
23150,38300,1
23600,11479,1
17633,19328,1
20830,2367,1
23991,33982,1
4364,30704,1
14930,16295,1
11964,2914,1
5661,6646,1
29674,32166,1
11121,24660,1
2003,6601,1
24081,14166,1
22106,31841,1
4911,8543,1
3301,3754,1
27088,3692,1
1538,5984,1
7391,8166,1
5965,6934,1
14519,7029,1
4032,510,1
4333,8893,1
16278,11566,1
8672,3645,1
1335,8504,1
1150,1421,1
8581,4671,1
19393,38767,1
21275,6334,1
3456,119,1
4812,16114,1
2574,16826,1
10124,2554,1
14091,28860,1
9613,35571,1
6123,546,1
18989,29016,1
5675,14116,1
12134,1139,1
4362,39237,1
15123,4615,1
7959,8166,1
13436,3219,1
14802,29727,1
13696,20025,1
934,4427,1
8506,4096,1
270,19309,1
3845,16590,1
21719,2486,1
7343,37161,1
1370,13359,1
1096,4867,1
4881,27486,1
1471,325,1
10895,19425,1
29519,1433,1
1337,36392,1
15168,4080,1
17194,40335,1
766,20554,1
19773,25088,1
15728,14539,1
9442,7229,1
3092,13026,1
5009,8587,1
311,509,1
15328,30682,1
8176,5041,1
5242,4401,1
1879,2992,1
1176,596,1
4154,2272,1
3480,4268,1
10054,383,1
5940,35295,1
21093,20136,1
11902,11742,1
18021,7213,1
2540,30591,1
20686,2125,1
20000,32934,1
17444,5494,1
236,26221,1
15257,26492,1
20666,3714,1
8024,4208,1
1984,14064,1
3270,31286,1
39,2066,1
6591,28829,1
5163,14347,1
22665,1723,1
21093,21710,1
3489,4737,1
9029,39114,1
8528,14035,1
431,2716,1
3713,5951,1
7561,76,1
22580,23920,1
12531,188,1
3991,9836,1
5739,15630,1
1214,12981,1
2807,105,1
12438,1837,1
17042,8153,1
8467,2788,1
14154,2181,1
3808,37968,1
20953,38005,1
1718,706,1
25530,31117,1
4210,1359,1
16185,11138,1
10252,1511,1
740,6911,1
2257,1729,1
21280,4666,1
567,1713,1
6990,25526,1
17200,37823,1
7684,535,1
4994,1960,1
5710,20224,1
20055,2189,1
11899,17529,1
5736,9264,1
19439,15750,1
2542,12536,1
29037,34217,1
67,3099,1
5853,3455,1
14323,989,1
24964,22681,1
6450,38998,1
4222,38438,1
20727,33883,1
4104,16024,1
16513,18076,1
6880,9044,1
10718,48,1
626,5374,1
6239,21288,1
11889,20375,1
14885,1359,1
20763,10331,1
9495,1886,1
22907,29407,1
15553,1619,1
21215,13946,1
2923,34199,1
4985,36409,1
27098,35875,1
15392,3376,1
10953,1406,1
14191,2622,1
17803,16213,1
15575,2183,1
4528,6507,1
13162,26518,1
17966,2965,1
134,26127,1
1863,11096,1
8615,20721,1
207,14915,1
5382,14372,1
22182,28184,1
7811,1429,1
7154,8576,1
15128,7979,1
530,6945,1
11935,3829,1
6477,33632,1
298,23008,1
4931,11490,1
9583,16915,1
5800,3232,1
24252,9044,1
19391,17093,1
15982,10265,1
13530,5501,1
1735,39058,1
2470,28351,1
7815,6107,1
4673,6516,1
28019,7688,1
24978,2740,1
5328,12612,1
15112,3037,1
1759,40532,1
4083,26740,1
7762,28695,1
11500,21718,1
526,27845,1
1060,23139,1
13247,25212,1
9862,28594,1
7038,28022,1
632,38726,1
23549,7772,1
28019,10564,1
14007,27954,1
18801,3115,1
19108,5950,1
11753,2697,1
366,16686,1
3329,12195,1
15929,3276,1
19177,1394,1
10807,581,1
3871,6543,1
482,9300,1
23564,3508,1
29812,3635,1
19027,31252,1
1934,7444,1
24754,28329,1
8334,3223,1
7195,50,1
20621,142,1
7999,11472,1
17460,24611,1
4378,9165,1
2058,2324,1
9680,20940,1
26435,27223,1
847,9763,1
28199,14161,1
14973,26005,1
9409,13259,1
33,9723,1
9241,11042,1
152,18032,1
11411,20421,1
6475,6812,1
16189,1640,1
3447,7985,1
22028,25692,1
8604,17952,1
9685,37012,1
5885,30392,1
8792,28519,1
20121,35993,1
1143,37531,1
5406,1438,1
1555,23085,1
9088,7830,1
18295,22905,1
1574,8674,1
12634,1546,1
22156,39006,1
28972,7188,1
14486,14272,1
2166,4318,1
3648,520,1
2363,21639,1
5435,10074,1
5375,17578,1
11591,683,1
26469,39609,1
14425,4539,1
1396,6933,1
3893,13300,1
8146,3769,1
24148,2790,1
634,742,1
2208,35917,1
600,10450,1
696,5994,1
4943,14972,1
22896,15200,1
19122,17152,1
3718,27317,1
9558,6982,1
8753,8809,1
16863,27120,1
4412,25733,1
23921,25053,1
3165,22052,1
15220,3020,1
19556,23377,1
1894,2468,1
4826,9597,1
19286,8022,1
5446,30926,1
51,4798,1
1625,11283,1
3910,12399,1
10984,26303,1
6793,33338,1
3206,1229,1
2274,2229,1
20168,1894,1
8629,36640,1
23069,16060,1
1504,11006,1
4915,10909,1
23625,15988,1
3089,23528,1
6037,8501,1
6573,31536,1
3166,39170,1
309,10547,1
238,29797,1
10185,35466,1
1687,6855,1
28612,430,1
21841,24152,1
10458,2861,1
1896,17300,1
3690,2053,1
3024,15578,1
23291,14418,1
13107,35162,1
1025,17898,1
1330,32428,1
3137,32415,1
13926,26609,1
6152,3158,1
543,4098,1
4433,6100,1
5922,1359,1
21760,40547,1
447,8321,1
3728,8532,1
3941,4090,1
1438,4506,1
107,17885,1
326,22459,1
9504,37217,1
6323,30779,1
6236,26926,1
7763,4571,1
7583,28973,1
632,22072,1
7926,33052,1
3176,11371,1
8101,35896,1
15214,23001,1
17095,3596,1
6332,37051,1
4218,23878,1
6968,6538,1
9504,36397,1
27101,3711,1
21389,24512,1
1475,3028,1
1164,30636,1
17708,14806,1
11674,9057,1
16634,1823,1
10030,27699,1
28837,15352,1
3855,6932,1
3644,4162,1
1877,26860,1
392,16533,1
14031,1834,1
3060,75,1
20725,10085,1
7306,15379,1
493,12599,1
11951,2652,1
23725,33485,1
14045,31726,1
7632,23406,1
14061,8185,1
1773,24915,1
18705,26648,1
10782,1306,1
26342,35174,1
14552,4625,1
23048,18772,1
15226,397,1
3904,8703,1
29464,8218,1
13330,10175,1
29513,31234,1
2312,7302,1
5364,2398,1
20507,13601,1
1295,17093,1
3632,1526,1
10886,29908,1
1030,6811,1
4212,5585,1
1511,12098,1
11668,28191,1
27859,2349,1
29784,785,1
8680,3656,1
27301,21452,1
26002,4333,1
21761,30854,1
4218,17379,1
7528,70,1
1552,22830,1
239,4477,1
6790,26740,1
9665,8049,1
8036,649,1
26969,13866,1
23666,23239,1
27681,12195,1
720,10249,1
1705,7185,1
16058,12157,1
17375,28169,1
11867,19645,1
7490,54,1
27421,9044,1
10656,19055,1
125,22327,1
14703,25715,1
2930,1451,1
24455,8037,1
11243,38095,1
19651,14637,1
5301,16581,1
16405,14951,1
5875,40095,1
3171,1333,1
27815,12457,1
17135,39956,1
3713,9961,1
9807,39727,1
21733,1527,1
13393,13233,1
27610,17208,1
13712,1165,1
7907,9245,1
9511,2567,1
8523,39029,1
4385,1837,1
21805,11135,1
6482,7983,1
8245,633,1
2671,27075,1
18266,16131,1
7081,27603,1
4883,20183,1
8278,14769,1
2034,1599,1
18236,2097,1
20064,7318,1
205,1411,1
690,6169,1
2972,27892,1
16805,23118,1
27375,90,1
231,30227,1
122,23461,1
9967,28309,1
12056,18013,1
16028,2499,1
28632,8366,1
3343,24059,1
9384,10226,1
6936,7783,1
1002,843,1
3778,39568,1
14208,14930,1
21126,31471,1
18439,8859,1
4764,11135,1
8808,11680,1
4298,4338,1
3454,3309,1
24271,23117,1
1754,23122,1
1234,16799,1
1443,11185,1
1757,4921,1
27030,2759,1
23306,3455,1
36,5549,1
373,20772,1
17363,2228,1
21283,7730,1
2528,4129,1
7517,5217,1
5623,24548,1
2499,9956,1
3854,20227,1
505,17806,1
8905,3448,1
2712,226,1
2388,2222,1
19072,14029,1
12243,2223,1
9186,6385,1
14752,30410,1
17260,4325,1
3166,1621,1
10621,3524,1
5555,2605,1
22640,25505,1
6740,34614,1
18757,6855,1
8464,33383,1
7418,23750,1
21442,7618,1
956,29523,1
2150,2539,1
392,10264,1
28592,32812,1
29253,7475,1
16631,30313,1
23245,1207,1
2264,9258,1
3371,1478,1
72,9924,1
4799,15477,1
13243,751,1
28095,209,1
215,5887,1
21957,31463,1
12520,967,1
8192,12883,1
589,36613,1
3837,15649,1
18988,14727,1
9313,18250,1
3172,38265,1
3676,23132,1
5156,20249,1
13581,13211,1
18128,13884,1
12157,24622,1
19212,3822,1
2195,897,1
18276,29370,1
5331,2729,1
21290,17785,1
3680,4360,1
12727,27259,1
29472,5745,1
18847,37063,1
14191,17093,1
9825,25063,1
6518,649,1
19104,39574,1
18233,9572,1
19333,9046,1
16979,698,1
14061,14575,1
13442,35121,1
4014,168,1
8790,12180,1
28827,1534,1
3018,8816,1
13948,8300,1
2894,31198,1
2353,3782,1
10685,11053,1
7084,13119,1
2655,34232,1
16788,22840,1
16539,322,1
6493,9531,1
3387,8435,1
3013,7425,1
14137,23514,1
10054,13280,1
285,21901,1
2603,6769,1
2374,659,1
5301,21541,1
5696,7096,1
29288,7896,1
18465,10408,1
6538,10418,1
5024,5047,1
3041,7524,1
348,10118,1
13299,442,1
5168,8289,1
8025,4806,1
4234,33028,1
17255,3583,1
14587,22562,1
1937,2364,1
595,606,1
3518,5537,1
26317,33486,1
1436,5085,1
21841,7284,1
1592,4993,1
404,1495,1
793,3296,1
3581,8166,1
21751,27070,1
5750,4938,1
26906,15085,1
20703,15908,1
21449,12256,1
1636,23171,1
3227,3046,1
10378,19960,1
21671,3062,1
11448,33377,1
4730,19557,1
15271,23723,1
27799,25472,1
264,7223,1
8194,9921,1
3018,6875,1
7463,3170,1
13482,4153,1
10244,20025,1
1009,13002,1
975,14513,1
7980,15007,1
5266,10960,1
2195,566,1
1247,9661,1
23551,1235,1
6770,1316,1
1584,11084,1
2055,2454,1
6797,12126,1
2310,1115,1
4624,46,1
14971,10589,1
11279,1978,1
9816,2183,1
3367,17384,1
11084,4050,1
15961,38098,1
2630,602,1
5357,20551,1
9726,20792,1
4306,13782,1
26614,559,1
2090,18368,1
19317,10982,1
10700,5562,1
17342,9941,1
1850,25314,1
3142,247,1
25056,17998,1
28753,411,1
555,19732,1
9947,39995,1
6236,12222,1
10384,29172,1
8544,90,1
23833,908,1
10327,627,1
26319,17797,1
1996,19801,1
20141,4175,1
19214,6976,1
11492,1629,1
27422,25888,1
22453,521,1
2680,989,1
12267,3418,1
1299,785,1
3755,3413,1
3792,19676,1
5828,5690,1
1991,5252,1
5245,18499,1
15805,30233,1
7039,12074,1
11645,9523,1
12593,258,1
14664,33392,1
9172,36974,1
8311,40029,1
29143,25266,1
8099,21783,1
11496,4453,1
586,12264,1
5489,3316,1
930,9373,1
9989,15343,1
1920,37641,1
3749,2019,1
17784,25629,1
14712,6296,1
1965,34966,1
9659,2183,1
2193,15586,1
21979,20633,1
6577,15086,1
